CAGTCCTTCAACCATG-1,1,0,0,1963,2611
CGCCAAGGTCAGAAGC-1,1,1,1,2137,2711
CCCAGTTGTACAGCAG-1,1,0,2,1963,2811
CATGGCGCATCTCCCA-1,1,1,3,2137,2911
AGTGAGGTCTGAGTGT-1,1,0,4,1963,3011
AGGGTGAGTCCGAACC-1,1,1,5,2136,3111
CAGATCATCACTTCAT-1,1,0,6,1962,3211
CCTAGCTTCACCTTAT-1,1,1,7,2136,3311
CAGATCAGTCCAGTTA-1,1,0,8,1962,3411
CGGCTAGGTACTCAAC-1,1,1,9,2136,3511
ACACCCTTCATCGCTC-1,1,0,10,1962,3611
CGTCTACGTCAACTGT-1,1,1,11,2136,3711
CGGACACAGGACAGAA-1,1,0,12,1962,3811
CACAGGCTCTCGAGTA-1,1,1,13,2135,3912
AGGGTGACACCACCAG-1,1,0,14,1961,4011
AGCTTGACACCTGGTG-1,1,1,15,2135,4112
CTCATTACATCACGAT-1,1,0,16,1961,4211
CTAATGGAGGATGCGT-1,1,1,17,2135,4312
AACACGTGTAAGGGCT-1,1,0,18,1961,4412
CATATTCCATCAGTAC-1,1,1,19,2135,4512
CTACCCACAATCTGCA-1,1,0,20,1961,4612
ACTTACTGTCTTCGTC-1,1,1,21,2134,4712
ACCGTAATCAGCATGT-1,1,0,22,1960,4812
ACGAGCCGTCATCCCT-1,1,1,23,2134,4912
GGACAGAAGAATGTTG-1,1,0,24,1960,5012
TCGTAGATCAACGCTA-1,1,1,25,2134,5112
TGAGGGACATGGGACA-1,1,0,26,1960,5212
GGCCGATCACTGTCGG-1,1,1,27,2134,5312
TGGGCGTGTCATGCCG-1,1,0,28,1960,5412
GGATTACCAGCTGTTA-1,1,1,29,2134,5512
TAGTGGTGTAACGACG-1,1,0,30,1959,5612
TAGGCATAGAAGGTGA-1,1,1,31,2133,5712
TTAGGACGTATTCTCT-1,1,0,32,1959,5812
TACTCATAGCTAACAA-1,1,1,33,2133,5913
GCTGCTTTCATTGCCC-1,1,0,34,1959,6012
TCACAAGAGCTAAGAT-1,1,1,35,2133,6113
GGCCGATCAGATCCAT-1,1,0,36,1959,6212
GTTCGGGCATCGGGTC-1,1,1,37,2133,6313
GGAAAGCGTACTTAGC-1,1,0,38,1958,6413
GATTCAGGTTCTGAAC-1,1,1,39,2132,6513
TCTTTCCGTTGACGTT-1,1,0,40,1958,6613
TTCCCAGGTGATGATA-1,1,1,41,2132,6713
TTCGGTCTCCATGAAC-1,1,0,42,1958,6813
GTCACGGGTCAGCTAT-1,1,1,43,2132,6913
TGAGCATCATGTCTCC-1,1,0,44,1958,7013
GCGCCAAGTAAATACG-1,1,1,45,2132,7113
GGATGTTAGCTCCTTC-1,1,0,46,1957,7213
TCATTACTCTCAAACG-1,1,1,47,2131,7313
GTAGGCCCATGCTGGC-1,1,0,48,1957,7413
TGGCTGGCACCAGCAC-1,1,1,49,2131,7513
GGCAATTCACGGATAG-1,1,0,50,1957,7613
CTGAAGTCAATCCGAT-1,1,1,51,2131,7713
TGTCCCATCCTGTAGA-1,1,0,52,1957,7813
GAACGGATCTGCTGTC-1,1,1,53,2131,7914
TGGGCGTGTGTGCCTG-1,1,0,54,1956,8013
TGGGCGTAGTTATCGC-1,1,1,55,2130,8114
TGAAAGACACAGGAGT-1,1,0,56,1956,8213
GCAAACTAGTAGCCGA-1,1,1,57,2130,8314
GATCGTACACGAAGCA-1,1,0,58,1956,8414
GATGAAAAGGGTTCCC-1,1,1,59,2130,8514
CTGCCTAAGGCGCTCT-1,1,0,60,1956,8614
GAAATGACAGATCGGA-1,1,1,61,2130,8714
TGGCGCAGTCTCCACT-1,1,0,62,1955,8814
TCAGGATAGGACGAAA-1,1,1,63,2129,8914
CATATGGGTAGATTAG-1,1,2,0,2311,2611
AAACCTGCAAGTAGTA-1,1,3,1,2485,2711
AAGGCAGAGTCGTACT-1,1,2,2,2311,2811
CGACTTCCATGGTTGT-1,1,3,3,2485,2911
AGAATAGCACCGAATT-1,1,2,4,2311,3011
CATCAGACACATGGGA-1,1,3,5,2485,3112
AGAGCGAAGACGCACA-1,1,2,6,2310,3211
AAACGGGGTATTAGCC-1,1,3,7,2484,3312
ACGCAGCTCCTCTAGC-1,1,2,8,2310,3411
CGGACGTCAGCAGTTT-1,1,3,9,2484,3512
CAGAATCAGTCCTCCT-1,1,2,10,2310,3612
AGTAGTCAGCGTGTCC-1,1,3,11,2484,3712
ATTGGACGTAAGGGCT-1,1,2,12,2310,3812
AAGACCTCAGCAGTTT-1,1,3,13,2484,3912
CCTATTAAGTATCGAA-1,1,2,14,2309,4012
CGCTATCGTCTCCATC-1,1,3,15,2483,4112
ATCACGAGTTCTGGTA-1,1,2,16,2309,4212
CCGGGATTCAGGCAAG-1,1,3,17,2483,4312
AAGGTTCGTCTGATTG-1,1,2,18,2309,4412
ATGTGTGAGTGTTTGC-1,1,3,19,2483,4512
CTAGTGAAGCCGATTT-1,1,2,20,2309,4612
AGGGAGTTCTAAGCCA-1,1,3,21,2483,4712
CACACAATCTGCTGTC-1,1,2,22,2308,4812
ACTGATGAGGCTCAGA-1,1,3,23,2482,4912
CTTCTCTCAACTGCGC-1,1,2,24,2308,5012
GCATACAGTTCACCTC-1,1,3,25,2482,5113
TCACAAGTCTTCAACT-1,1,2,26,2308,5212
TTGCCGTCACTACAGT-1,1,3,27,2482,5313
GCTCTGTAGGATGGTC-1,1,2,28,2308,5412
GTACGTAAGTCGAGTG-1,1,3,29,2482,5513
GTATTCTCAGGGTTAG-1,1,2,30,2307,5613
TAGGCATCAGCGTAAG-1,1,3,31,2481,5713
GGCTCGAGTCGAACAG-1,1,2,32,2307,5813
GACTAACGTCCTAGCG-1,1,3,33,2481,5913
GGAAAGCTCCTCAATT-1,1,2,34,2307,6013
TACTCATAGAGACGAA-1,1,3,35,2481,6113
GATCTAGAGCAGCGTA-1,1,2,36,2307,6213
TATCAGGTCACAGTAC-1,1,3,37,2481,6313
TTTATGCCAACTGCGC-1,1,2,38,2306,6413
TTGCCGTTCTACTATC-1,1,3,39,2480,6513
GTAGTCACATGCCTAA-1,1,2,40,2306,6613
GTTACAGAGAACAATC-1,1,3,41,2480,6713
TGCCCTAAGTTGTCGT-1,1,2,42,2306,6813
GTGAAGGGTTCCCGAG-1,1,3,43,2480,6913
GGTGTTACATCCGTGG-1,1,2,44,2306,7013
TCAATCTCATAGACTC-1,1,3,45,2480,7114
GGCTGGTCATTGGCGC-1,1,2,46,2306,7213
GTTAAGCCAGGGCATA-1,1,3,47,2479,7314
GCCTCTATCCGCATCT-1,1,2,48,2305,7413
GGGAGATCAAGTCTAC-1,1,3,49,2479,7514
GGACAGAGTAAGTGGC-1,1,2,50,2305,7614
TCAGGTATCAGTGTTG-1,1,3,51,2479,7714
GGGAATGGTGGGTCAA-1,1,2,52,2305,7814
TCCCGATAGTGAAGAG-1,1,3,53,2479,7914
CTTACCGCACCGGAAA-1,1,2,54,2305,8014
GTGGGTCGTAGCTGCC-1,1,3,55,2478,8114
TATTACCGTTGAGTTC-1,1,2,56,2304,8214
GATGCTATCACAGGCC-1,1,3,57,2478,8314
TCATTACGTCGAGTTT-1,1,2,58,2304,8414
TCAGATGGTGTCAATC-1,1,3,59,2478,8514
TGCTGCTGTACAGACG-1,1,2,60,2304,8614
GCGCCAATCGGATGGA-1,1,3,61,2478,8714
TCAGGATCAAGCGCTC-1,1,2,62,2304,8814
TGAGCATAGTGTACTC-1,1,3,63,2477,8914
CCACGGAGTGCGGTAA-1,1,4,0,2659,2612
AATCCAGGTCTCCCTA-1,1,5,1,2833,2712
CGCTTCAGTAGCAAAT-1,1,4,2,2659,2812
ATGTGTGCAGGAATGC-1,1,5,3,2833,2912
ACTGTCCAGTGGTAGC-1,1,4,4,2659,3012
CGCGGTACATCCTTGC-1,1,5,5,2833,3112
ACGTCAACACTATCTT-1,1,4,6,2659,3212
CCTACCACAGGTGGAT-1,1,5,7,2833,3312
ACTTTCATCCCGGATG-1,1,4,8,2658,3412
CTCGAGGTCTGTCTAT-1,1,5,9,2832,3512
ATGCGATGTTCGCGAC-1,1,4,10,2658,3612
AGTGTCATCTGCTGTC-1,1,5,11,2832,3712
ACTTGTTGTCCTGCTT-1,1,4,12,2658,3812
CACTCCACAGCTGTTA-1,1,5,13,2832,3912
ACTTACTTCACCCTCA-1,1,4,14,2658,4012
AAGCCGCAGCGAGAAA-1,1,5,15,2832,4112
CGATCGGAGTGTCTCA-1,1,4,16,2657,4212
AAAGATGTCTCAACTT-1,1,5,17,2831,4313
ATGGGAGAGCGTCAAG-1,1,4,18,2657,4412
CCAATCCTCGTAGGAG-1,1,5,19,2831,4513
CGATCGGAGCCCAACC-1,1,4,20,2657,4613
ACTGATGCAGGATCGA-1,1,5,21,2831,4713
CCCAATCCATCTCCCA-1,1,4,22,2657,4813
CACTCCACACCCATGG-1,1,5,23,2831,4913
TATCAGGTCTTAGAGC-1,1,4,24,2656,5013
CTGAAGTTCCGTAGGC-1,1,5,25,2830,5113
GGGAATGGTCCGAACC-1,1,4,26,2656,5213
GACTACATCTATCCTA-1,1,5,27,2830,5313
TTTGGTTGTCAAAGAT-1,1,4,28,2656,5413
TCAGCTCTCCTGTACC-1,1,5,29,2830,5513
GCCAAATTCCTACAGA-1,1,4,30,2656,5613
GTAGGCCAGTACCGGA-1,1,5,31,2830,5713
TTGACTTCATTAGCCA-1,1,4,32,2655,5813
GCATGTACATCACCCT-1,1,5,33,2829,5913
TAAGCGTTCAACACCA-1,1,4,34,2655,6013
TGCCAAAAGACGCAAC-1,1,5,35,2829,6113
TTGGCAAGTATAGTAG-1,1,4,36,2655,6213
GGTGAAGAGGAGCGTT-1,1,5,37,2829,6314
TATTACCGTATGGTTC-1,1,4,38,2655,6413
TCCACACTCCGTCAAA-1,1,5,39,2829,6514
GGGTCTGAGCGTTGCC-1,1,4,40,2654,6614
TCACGAATCAGCTCTC-1,1,5,41,2828,6714
TCATTACGTTACAGAA-1,1,4,42,2654,6814
GCCTCTAAGAGTACCG-1,1,5,43,2828,6914
CTTTGCGGTAGAAGGA-1,1,4,44,2654,7014
GACGTTATCCAGAAGG-1,1,5,45,2828,7114
TGTCCCAGTGGGTATG-1,1,4,46,2654,7214
CTGCGGAAGCCGATTT-1,1,5,47,2828,7314
TGAGCATAGCGTTTAC-1,1,4,48,2653,7414
TACGGATGTCATTAGC-1,1,5,49,2827,7514
GACAGAGAGTACGTAA-1,1,4,50,2653,7614
TCCCGATGTGCAACGA-1,1,5,51,2827,7714
GGGACCTGTCCGTCAG-1,1,4,52,2653,7814
TGTATTCGTCGCATCG-1,1,5,53,2827,7914
TCACAAGGTCGATTGT-1,1,4,54,2653,8014
GGAACTTGTCGCGGTT-1,1,5,55,2827,8114
TCTCATAGTAGCTAAA-1,1,4,56,2652,8214
TTCGGTCCACAGGAGT-1,1,5,57,2826,8315
GCGGGTTCACACCGCA-1,1,4,58,2652,8414
GCTCTGTAGAGGGATA-1,1,5,59,2826,8515
GTGCAGCCAGCTTAAC-1,1,4,60,2652,8614
TAGTTGGAGCGTGTCC-1,1,5,61,2826,8715
GAACATCGTAGCTTGT-1,1,4,62,2652,8815
TAAGTGCGTAATTGGA-1,1,5,63,2826,8915
ACATGGTCATTACGAC-1,1,6,0,3008,2612
ACGGAGATCTTAGAGC-1,1,7,1,3181,2712
CGTGTAAGTACATGTC-1,1,6,2,3007,2812
CGAGAAGCATCACGTA-1,1,7,3,3181,2912
AAGACCTGTTCTGAAC-1,1,6,4,3007,3012
CATCAAGGTACTTGAC-1,1,7,5,3181,3112
AACACGTCATGTTCCC-1,1,6,6,3007,3212
AAACGGGAGGTAGCTG-1,1,7,7,3181,3313
AACGTTGGTGACTACT-1,1,6,8,3007,3412
AGCTCCTGTCTTGTCC-1,1,7,9,3180,3513
CAGCATAGTTAAGACA-1,1,6,10,3006,3612
CACACAAGTATTCGTG-1,1,7,11,3180,3713
AGTAGTCGTGGCTCCA-1,1,6,12,3006,3813
ATGAGGGAGGTCGGAT-1,1,7,13,3180,3913
CATCGAAGTCATATGC-1,1,6,14,3006,4013
AGTAGTCCACCTCGGA-1,1,7,15,3180,4113
ATGCGATAGAGTCGGT-1,1,6,16,3006,4213
ACTGAGTTCCAGTATG-1,1,7,17,3180,4313
AGTGGGAAGGGTTCCC-1,1,6,18,3005,4413
ACACCAAAGGTGTTAA-1,1,7,19,3179,4513
CCTTTCTCATGCCTTC-1,1,6,20,3005,4613
CAAGATCCAAGAGTCG-1,1,7,21,3179,4713
CCTACCATCACTATTC-1,1,6,22,3005,4813
CCGTACTAGCCACGCT-1,1,7,23,3179,4913
GTACTTTCATGCCTTC-1,1,6,24,3005,5013
GGGTTGCCATCTCCCA-1,1,7,25,3179,5113
GCTGGGTCAAATTGCC-1,1,6,26,3004,5213
GTCATTTTCTGCTTGC-1,1,7,27,3178,5314
GGTATTGAGCCAGGAT-1,1,6,28,3004,5413
TTGACTTAGGGCTCTC-1,1,7,29,3178,5514
GGGAATGGTCAAGCGA-1,1,6,30,3004,5613
TGACTTTTCCAAACTG-1,1,7,31,3178,5714
CTGTTTACATCCGTGG-1,1,6,32,3004,5814
TCAGGTAGTGAGTATA-1,1,7,33,3178,5914
TACCTTAGTTACGGAG-1,1,6,34,3003,6014
GCAATCATCGTATCAG-1,1,7,35,3177,6114
TATCAGGAGGTCATCT-1,1,6,36,3003,6214
CTTTGCGCACACTGCG-1,1,7,37,3177,6314
GGAACTTGTAGAGCTG-1,1,6,38,3003,6414
GTGCTTCAGCAGATCG-1,1,7,39,3177,6514
TGAGGGAGTCAAAGAT-1,1,6,40,3003,6614
GCATGTATCGGAGCAA-1,1,7,41,3177,6714
GACTACAGTTTGGGCC-1,1,6,42,3002,6814
TTATGCTAGTGCAAGC-1,1,7,43,3176,6914
TACTTGTGTTGAACTC-1,1,6,44,3002,7014
GCATACATCCTCAACC-1,1,7,45,3176,7114
TTGACTTTCCGGCACA-1,1,6,46,3002,7214
GAACGGAAGCAGACTG-1,1,7,47,3176,7314
TACGGGCTCGGCATCG-1,1,6,48,3002,7414
GGGAGATTCGCCTGTT-1,1,7,49,3176,7515
GTCAAGTTCTGCTGTC-1,1,6,50,3001,7614
TGATTTCGTTCACGGC-1,1,7,51,3175,7715
GACACGCTCTTGTACT-1,1,6,52,3001,7815
GATCAGTAGACAGAGA-1,1,7,53,3175,7915
GTCACAATCTTTACGT-1,1,6,54,3001,8015
TACCTATTCGAGAGCA-1,1,7,55,3175,8115
CTGTTTAGTTACGTCA-1,1,6,56,3001,8215
GGGCATCGTCTCTTTA-1,1,7,57,3175,8315
GCGAGAACACAACTGT-1,1,6,58,3000,8415
GCATGTAGTTCGCGAC-1,1,7,59,3174,8515
TAGTTGGCATCGGTTA-1,1,6,60,3000,8615
GATCTAGCAGTAAGCG-1,1,7,61,3174,8715
GTACTTTGTTCAGCGC-1,1,6,62,3000,8815
CTTAGGAGTCCGTGAC-1,1,7,63,3174,8915
ACTGAGTAGATTACCC-1,1,8,0,3356,2612
AGCGTCGCATTGGGCC-1,1,9,1,3530,2713
CCACCTAAGGATTCGG-1,1,8,2,3355,2812
CAACCAACACTTAACG-1,1,9,3,3529,2913
AGGGTGAGTAGTAGTA-1,1,8,4,3355,3013
CGGACGTTCTTTACGT-1,1,9,5,3529,3113
CAACCTCAGAGCTGCA-1,1,8,6,3355,3213
CGTCTACGTCTGATTG-1,1,9,7,3529,3313
CTCGTCACACGAAATA-1,1,8,8,3355,3413
CCCAGTTCATGTCTCC-1,1,9,9,3529,3513
CATATGGGTGCAGACA-1,1,8,10,3354,3613
CCTACACGTAAATGAC-1,1,9,11,3528,3713
ATCTGCCAGGCACATG-1,1,8,12,3354,3813
ATCCACCTCCCATTTA-1,1,9,13,3528,3913
CCATTCGAGGCATGTG-1,1,8,14,3354,4013
CTCCTAGTCCTTAATC-1,1,9,15,3528,4113
CATATGGGTGACTCAT-1,1,8,16,3354,4213
AGCGTCGCACCATCCT-1,1,9,17,3528,4313
ACTGAGTTCCAAACTG-1,1,8,18,3353,4413
CCCAATCGTCAACTGT-1,1,9,19,3527,4514
CGTAGCGAGTATCTCG-1,1,8,20,3353,4613
AGCATACCAGGTGGAT-1,1,9,21,3527,4714
ACTGATGCAAAGGAAG-1,1,8,22,3353,4813
AGCTCCTGTGGCTCCA-1,1,9,23,3527,4914
TTCCCAGGTGTGACCC-1,1,8,24,3353,5014
GGGACCTAGACCGGAT-1,1,9,25,3527,5114
GGTGCGTCACACATGT-1,1,8,26,3352,5214
TACACGAGTAAAGGAG-1,1,9,27,3526,5314
GGGATGACAGGATTGG-1,1,8,28,3352,5414
GTAGTCACATGGGAAC-1,1,9,29,3526,5514
GCTTGAAGTCGGCATC-1,1,8,30,3352,5614
GCAGCCAGTCTAGTGT-1,1,9,31,3526,5714
TTGCGTCTCTGATTCT-1,1,8,32,3352,5814
GGGACCTTCTCGAGTA-1,1,9,33,3526,5914
GATCTAGTCTGGCGTG-1,1,8,34,3351,6014
TTTGGTTGTGCTCTTC-1,1,9,35,3525,6114
TTGGAACTCACAGGCC-1,1,8,36,3351,6214
TGACGGCCAACACCCG-1,1,9,37,3525,6314
GCGCAACAGGTCGGAT-1,1,8,38,3351,6414
GCTTGAATCGCCAGCA-1,1,9,39,3525,6515
GGTATTGTCGTTTATC-1,1,8,40,3351,6614
TTTCCTCTCCCATTTA-1,1,9,41,3525,6715
TTGGAACGTGTGTGCC-1,1,8,42,3351,6814
TCAATCTAGGCCCGTT-1,1,9,43,3524,6915
GGGACCTGTGATGTCT-1,1,8,44,3350,7015
TGGGCGTTCAACGCTA-1,1,9,45,3524,7115
TGGGAAGCAGTGGGAT-1,1,8,46,3350,7215
TTCCCAGAGGGTCTCC-1,1,9,47,3524,7315
TTGCCGTGTTCGAATC-1,1,8,48,3350,7415
GAAACTCGTACCATCA-1,1,9,49,3524,7515
TATCAGGGTGAGTATA-1,1,8,50,3350,7615
GGGTTGCAGAGTCTGG-1,1,9,51,3523,7715
TCTTCGGGTCAAAGCG-1,1,8,52,3349,7815
GTTCGGGGTGCCTTGG-1,1,9,53,3523,7915
GTTACAGCATCAGTCA-1,1,8,54,3349,8015
TACGGGCAGGAACTGC-1,1,9,55,3523,8115
GCACATACATGCCTTC-1,1,8,56,3349,8215
TAGCCGGTCAGCTGGC-1,1,9,57,3523,8315
GACACGCTCGCCTGTT-1,1,8,58,3349,8415
GGACAAGGTTGGACCC-1,1,9,59,3523,8516
TCAACGAGTAGGCATG-1,1,8,60,3348,8615
GGTATTGGTGAGCGAT-1,1,9,61,3522,8716
TGCCAAAGTAGCGTGA-1,1,8,62,3348,8815
TGCCCTACACACATGT-1,1,9,63,3522,8916
CAAGTTGAGAGTAATC-1,1,10,0,3704,2613
AGCGGTCGTACCGTAT-1,1,11,1,3878,2713
ATAAGAGGTTAAGAAC-1,1,10,2,3704,2813
CCCAGTTGTCCGAATT-1,1,11,3,3878,2913
CCACTACAGGATTCGG-1,1,10,4,3703,3013
CCTTACGCACAAGTAA-1,1,11,5,3877,3113
ACACCCTAGTTCGCGC-1,1,10,6,3703,3213
ACGGGCTTCGATCCCT-1,1,11,7,3877,3313
AAGGAGCTCTCGATGA-1,1,10,8,3703,3413
CGGACTGGTTACGTCA-1,1,11,9,3877,3513
ATGCGATTCAGTTCGA-1,1,10,10,3703,3613
ACCCACTGTAGGCTGA-1,1,11,11,3877,3714
CGGACGTTCATTGCGA-1,1,10,12,3702,3813
CCTTTCTAGCGTAGTG-1,1,11,13,3876,3914
CGGACACTCTGTGCAA-1,1,10,14,3702,4014
CCACGGACATAAAGGT-1,1,11,15,3876,4114
CATCAGATCATTGCCC-1,1,10,16,3702,4214
CATTCGCGTCGCATCG-1,1,11,17,3876,4314
AACTGGTAGCCCAGCT-1,1,10,18,3702,4414
CGGACTGAGGTAGCTG-1,1,11,19,3876,4514
CTCAGAAGTCAATGTC-1,1,10,20,3701,4614
CGAGCACTCGGCGGTT-1,1,11,21,3875,4714
CGTGAGCCATTTGCTT-1,1,10,22,3701,4814
CTACACCTCCACGAAT-1,1,11,23,3875,4914
GATCAGTAGGTTCCTA-1,1,10,24,3701,5014
GCATACAAGGCTATCT-1,1,11,25,3875,5114
GGCGACTGTAATCACC-1,1,10,26,3701,5214
GTCATTTAGAAGAAGC-1,1,11,27,3875,5314
TAAACCGAGACAAAGG-1,1,10,28,3700,5414
GATTCAGGTTCGCGAC-1,1,11,29,3874,5514
GCTCCTAAGGCAAAGA-1,1,10,30,3700,5614
CTTAGGAAGATGTCGG-1,1,11,31,3874,5715
TCAGCTCCATTCCTCG-1,1,10,32,3700,5814
CTGGTCTGTCGCATCG-1,1,11,33,3874,5915
CTTAACTGTTCCAACA-1,1,10,34,3700,6014
GTACTTTTCTCGTTTA-1,1,11,35,3874,6115
GTCGTAAGTATCACCA-1,1,10,36,3699,6215
TTTATGCGTGCCTTGG-1,1,11,37,3873,6315
GACTGCGCAAACGTGG-1,1,10,38,3699,6415
TTTGCGCAGCAGCCTC-1,1,11,39,3873,6515
TGCTACCCATCGGACC-1,1,10,40,3699,6615
GATCTAGGTAGGGACT-1,1,11,41,3873,6715
GGACGTCTCCATGAAC-1,1,10,42,3699,6815
TACGGATTCCAACCAA-1,1,11,43,3873,6915
CTGCCTACAGCTCGCA-1,1,10,44,3698,7015
GGGATGACAGTCGATT-1,1,11,45,3872,7115
GGGAATGCACAGTCGC-1,1,10,46,3698,7215
GGACAGAGTCTCCCTA-1,1,11,47,3872,7315
TACCTTATCTTCGGTC-1,1,10,48,3698,7415
GCTTGAAAGGCATGTG-1,1,11,49,3872,7515
TCTGGAACATGGTAGG-1,1,10,50,3698,7615
CTTACCGGTACCCAAT-1,1,11,51,3872,7716
TCAACGATCATGTCCC-1,1,10,52,3697,7815
GGCGACTCAGCATGAG-1,1,11,53,3871,7916
TGAGCCGGTGTTCGAT-1,1,10,54,3697,8015
TAGTTGGGTGGTTTCA-1,1,11,55,3871,8116
TTGAACGAGGCTAGCA-1,1,10,56,3697,8216
GTACGTACACAAGTAA-1,1,11,57,3871,8316
TCGAGGCAGAGTAAGG-1,1,10,58,3697,8416
TCTGGAAGTCTGCAAT-1,1,11,59,3871,8516
TGTCCCAGTCCCTACT-1,1,10,60,3696,8616
TCAGGTAAGTACTTGC-1,1,11,61,3870,8716
CTCTGGTCAGCTATTG-1,1,10,62,3696,8816
GAACCTATCGGATGGA-1,1,11,63,3870,8916
ACTTACTGTAAATGTG-1,1,12,0,4052,2613
AAAGTAGGTACATGTC-1,1,13,1,4226,2714
CACAGGCGTAGAGGAA-1,1,12,2,4052,2813
ACCAGTAGTGCTGTAT-1,1,13,3,4226,2914
CGACTTCAGACGACGT-1,1,12,4,4052,3013
CCTCTGAAGTAGGTGC-1,1,13,5,4225,3114
ATAGACCGTGGCCCTA-1,1,12,6,4051,3214
ACTATCTTCAGTCAGT-1,1,13,7,4225,3314
CCTCTGAAGTGTCCCG-1,1,12,8,4051,3414
CCTTCGACAGTCACTA-1,1,13,9,4225,3514
ACACTGAGTTATCCGA-1,1,12,10,4051,3614
CTCGTACTCTGTGCAA-1,1,13,11,4225,3714
ATTCTACTCCGCTGTT-1,1,12,12,4051,3814
ACTGTCCCAGGTGCCT-1,1,13,13,4225,3914
ATCCACCAGACTTTCG-1,1,12,14,4050,4014
CGAGAAGAGCGAGAAA-1,1,13,15,4224,4114
ACGATACTCTCCAGGG-1,1,12,16,4050,4214
CGTCACTTCAGTCCCT-1,1,13,17,4224,4314
CGATCGGAGATGCCTT-1,1,12,18,4050,4414
CGGTTAAGTCCGTGAC-1,1,13,19,4224,4514
CTCAGAATCTAACGGT-1,1,12,20,4050,4614
CGGACTGAGTGCGATG-1,1,13,21,4224,4714
CTAGCCTCAGCGAACA-1,1,12,22,4049,4814
CACATTTTCGGCGCAT-1,1,13,23,4223,4915
TGAAAGAAGTCAAGCG-1,1,12,24,4049,5014
GGAACTTAGATATACG-1,1,13,25,4223,5115
TGCGTGGCAGCCAATT-1,1,12,26,4049,5215
GTTCATTCAACACCCG-1,1,13,27,4223,5315
GGACAGAAGGGTTTCT-1,1,12,28,4049,5415
GATGCTAGTCGACTAT-1,1,13,29,4223,5515
TACCTATCACTAGTAC-1,1,12,30,4048,5615
TCTGGAATCCGTAGTA-1,1,13,31,4222,5715
TGAGCCGTCCACTCCA-1,1,12,32,4048,5815
GATCGCGAGCGCCTTG-1,1,13,33,4222,5915
GCGAGAATCGAACGGA-1,1,12,34,4048,6015
TTTGCGCAGGGTCTCC-1,1,13,35,4222,6115
GTCCTCAAGAGCTTCT-1,1,12,36,4048,6215
GTCACAAGTGCTAGCC-1,1,13,37,4222,6315
GGGAGATCACCAGTTA-1,1,12,38,4047,6415
TGGTTCCAGCTACCGC-1,1,13,39,4221,6515
TCACAAGTCTTGCATT-1,1,12,40,4047,6615
TGTGTTTCAACGATCT-1,1,13,41,4221,6715
GACTAACAGGCAATTA-1,1,12,42,4047,6815
TCGAGGCTCACCTCGT-1,1,13,43,4221,6916
GGGAATGTCTCAACTT-1,1,12,44,4047,7015
TTCGGTCAGCTGCAAG-1,1,13,45,4221,7116
GCAATCAGTACCGCTG-1,1,12,46,4046,7216
GGACATTGTCGGATCC-1,1,13,47,4220,7316
GCCTCTACATTGGGCC-1,1,12,48,4046,7416
GTCATTTTCCGCAAGC-1,1,13,49,4220,7516
CTTACCGGTAAGGGCT-1,1,12,50,4046,7616
TGAGAGGTCACAAACC-1,1,13,51,4220,7716
TGCGCAGCATGTCCTC-1,1,12,52,4046,7816
GCTCTGTAGTACGTAA-1,1,13,53,4220,7916
TTGTAGGAGTCAAGCG-1,1,12,54,4045,8016
TGCCAAATCTTGTCAT-1,1,13,55,4219,8116
GGAATAAAGATTACCC-1,1,12,56,4045,8216
GATCGCGTCTTGAGAC-1,1,13,57,4219,8316
GGGCACTCAAGGTTCT-1,1,12,58,4045,8416
GGCTGGTCACGAAATA-1,1,13,59,4219,8516
GAATGAAGTAGCCTAT-1,1,12,60,4045,8616
TCTGAGATCACTTATC-1,1,13,61,4219,8716
TTGCCGTAGAGCTGCA-1,1,12,62,4044,8816
GTAACGTGTTTAGCTG-1,1,13,63,4218,8917
CGATGTATCGGCTTGG-1,1,14,0,4400,2614
AAAGTAGGTACCGTTA-1,1,15,1,4574,2714
CACACCTCACGAAACG-1,1,14,2,4400,2814
ACGAGCCGTCACCCAG-1,1,15,3,4574,2914
CTCGGGATCGGCGCTA-1,1,14,4,4400,3014
CCACCTACAGTCCTTC-1,1,15,5,4574,3114
ATTATCCAGCTTTGGT-1,1,14,6,4399,3214
CATGACAGTCTAAAGA-1,1,15,7,4573,3314
CATCGGGAGTCTCGGC-1,1,14,8,4399,3414
CGGACGTGTTCAACCA-1,1,15,9,4573,3514
CGAACATTCATGGTCA-1,1,14,10,4399,3614
CCTTACGTCTATGTGG-1,1,15,11,4573,3714
CCTACCATCTTCAACT-1,1,14,12,4399,3814
CCATTCGCAGCTTAAC-1,1,15,13,4573,3915
AGTGAGGAGCAGCCTC-1,1,14,14,4398,4014
CGGAGTCGTTCCCTTG-1,1,15,15,4572,4115
AGGCCGTAGGGTGTGT-1,1,14,16,4398,4214
ACATACGTCAAACCAC-1,1,15,17,4572,4315
CAGATCAGTGAGGGAG-1,1,14,18,4398,4415
CGGTTAAAGCGGCTTC-1,1,15,19,4572,4515
ACGATACAGAATAGGG-1,1,14,20,4398,4615
ACACCGGAGCAACGGT-1,1,15,21,4572,4715
CAAGAAATCCTAGGGC-1,1,14,22,4397,4815
CTCAGAAAGATCCCGC-1,1,15,23,4571,4915
TTGCGTCCAATCGGTT-1,1,14,24,4397,5015
CTCTGGTAGACGCTTT-1,1,15,25,4571,5115
TACCTTAGTCAACTGT-1,1,14,26,4397,5215
GTGCAGCAGCGATATA-1,1,15,27,4571,5315
TATCTCACACGACGAA-1,1,14,28,4397,5415
CTTAACTAGTGTGGCA-1,1,15,29,4571,5515
TTGCCGTTCTCCCTGA-1,1,14,30,4397,5615
TCTTCGGGTTCATGGT-1,1,15,31,4570,5715
TGGCCAGGTAGGCATG-1,1,14,32,4396,5815
GAACGGATCCAGAGGA-1,1,15,33,4570,5916
TTTGTCACATCGTCGG-1,1,14,34,4396,6015
TGAGCATGTACTCTCC-1,1,15,35,4570,6116
TCACAAGGTAATAGCA-1,1,14,36,4396,6215
GTGCATATCCACGCAG-1,1,15,37,4570,6316
GAACGGAAGGGATGGG-1,1,14,38,4396,6416
TTAACTCTCACCGGGT-1,1,15,39,4569,6516
GCGCCAAGTACTTGAC-1,1,14,40,4395,6616
TCCCGATGTAAATGTG-1,1,15,41,4569,6716
GTGCAGCCAATTCCTT-1,1,14,42,4395,6816
TCACAAGTCGCCAGCA-1,1,15,43,4569,6916
GAGGTGAAGCTCCCAG-1,1,14,44,4395,7016
GTTAAGCGTGCAGTAG-1,1,15,45,4569,7116
TCAGGTAGTGAGCGAT-1,1,14,46,4395,7216
GCATGTAGTCTACCTC-1,1,15,47,4568,7316
GGGACCTTCGACGGAA-1,1,14,48,4394,7416
TCGCGTTCACGAAACG-1,1,15,49,4568,7516
TGGGAAGCAGACGCAA-1,1,14,50,4394,7616
TCTTTCCGTCGAGATG-1,1,15,51,4568,7716
GCTTCCACAGGCGATA-1,1,14,52,4394,7816
GTGGGTCTCATCTGTT-1,1,15,53,4568,7917
TCGGGACCATTGCGGC-1,1,14,54,4394,8016
TTTATGCGTTATCCGA-1,1,15,55,4568,8117
TATCAGGTCTAACCGA-1,1,14,56,4393,8216
GCGAGAATCTGCTGCT-1,1,15,57,4567,8317
GTGCATAGTGATGTCT-1,1,14,58,4393,8417
TTAGGACAGAATGTGT-1,1,15,59,4567,8517
GTACGTACATGCCTTC-1,1,14,60,4393,8617
GGGAGATTCATGTCCC-1,1,15,61,4567,8717
TGCGGGTCAGGTGGAT-1,1,14,62,4393,8817
TTCTTAGAGTGGCACA-1,1,15,63,4567,8917
CATCGAAGTACCAGTT-1,1,16,0,4748,2614
AACCGCGCACAGTCGC-1,1,17,1,4922,2714
AAGCCGCTCGTAGATC-1,1,16,2,4748,2814
CGTCCATAGTAGATGT-1,1,17,3,4922,2914
AGCTCCTAGTAGGCCA-1,1,16,4,4748,3014
AGCTCTCAGCTAAGAT-1,1,17,5,4922,3115
AGGTCCGGTAATCGTC-1,1,16,6,4748,3214
AGTAGTCCAAGCGTAG-1,1,17,7,4922,3315
ATTGGTGGTTCCACGG-1,1,16,8,4747,3414
ACTGTCCAGATAGGAG-1,1,17,9,4921,3515
CGGACACCACCCATGG-1,1,16,10,4747,3615
CAACCTCCACACCGAC-1,1,17,11,4921,3715
AAAGTAGAGCTGATAA-1,1,16,12,4747,3815
AAGCCGCAGAGCCTAG-1,1,17,13,4921,3915
AGGGAGTTCCCTAATT-1,1,16,14,4747,4015
CCGTGGAGTACAAGTA-1,1,17,15,4921,4115
CGCTATCCAGATGGCA-1,1,16,16,4746,4215
AAACCTGTCAGCGATT-1,1,17,17,4920,4315
AGATTGCCAGCCAATT-1,1,16,18,4746,4415
CGTTGGGTCTTGAGGT-1,1,17,19,4920,4515
CCTATTATCTCGATGA-1,1,16,20,4746,4615
AGACGTTGTTCTGTTT-1,1,17,21,4920,4715
CTCATTACAATAGCGG-1,1,16,22,4746,4815
ATCACGAAGGTGTGGT-1,1,17,23,4920,4915
TTGTAGGGTCCGTGAC-1,1,16,24,4745,5015
TTGGCAAAGCTCTCGG-1,1,17,25,4919,5116
GAAGCAGAGCTGTTCA-1,1,16,26,4745,5215
GATGCTATCTGCTTGC-1,1,17,27,4919,5316
TATTACCCATCATCCC-1,1,16,28,4745,5415
GTACGTATCGACCAGC-1,1,17,29,4919,5516
GACGTTAGTCGAAAGC-1,1,16,30,4745,5616
GTTCTCGAGGTTCCTA-1,1,17,31,4919,5716
TGTGGTAGTATAAACG-1,1,16,32,4744,5816
GGGCACTGTGATGTGG-1,1,17,33,4918,5916
GTTCGGGAGAGGTTGC-1,1,16,34,4744,6016
TACCTTAAGTGAAGAG-1,1,17,35,4918,6116
GATGCTACAGAGCCAA-1,1,16,36,4744,6216
TCAATCTGTTCGTCTC-1,1,17,37,4918,6316
GCCTCTATCACATGCA-1,1,16,38,4744,6416
GGCTCGACATTAACCG-1,1,17,39,4918,6516
TAAACCGAGTGGACGT-1,1,16,40,4743,6616
CTGCGGACAGTAAGCG-1,1,17,41,4917,6716
TCGAGGCAGTAGGCCA-1,1,16,42,4743,6816
GGTGTTAAGAGCTATA-1,1,17,43,4917,6916
CTTACCGTCGGACAAG-1,1,16,44,4743,7016
TGCCCTAGTCAGAAGC-1,1,17,45,4917,7117
TCTGAGACATTGGCGC-1,1,16,46,4743,7216
TTCGAAGGTTTCCACC-1,1,17,47,4917,7317
GGACAAGAGAAGGCCT-1,1,16,48,4742,7416
CTGAAGTCATGCAATC-1,1,17,49,4916,7517
CTGAAGTGTAAGGGCT-1,1,16,50,4742,7617
TACGGATCAGGACCCT-1,1,17,51,4916,7717
GTGGGTCCACCTGGTG-1,1,16,52,4742,7817
TCTCTAAGTCCTCTTG-1,1,17,53,4916,7917
TACTCATAGCCCAGCT-1,1,16,54,4742,8017
TTGGCAAAGCGCCTTG-1,1,17,55,4916,8117
GTGTTAGCAGACAAGC-1,1,16,56,4741,8217
TGCGTGGTCCAAAGTC-1,1,17,57,4915,8317
CTGTGCTCAGCCTGTG-1,1,16,58,4741,8417
GCTCTGTCAGCCTATA-1,1,17,59,4915,8517
TGGTTCCCACTTCTGC-1,1,16,60,4741,8617
TGCCCTACACGGCCAT-1,1,17,61,4915,8717
GTGCTTCAGAGGTTGC-1,1,16,62,4741,8817
TTGGAACTCGCCAAAT-1,1,17,63,4915,8917
AACACGTAGCTGCGAA-1,1,18,0,5097,2615
CAGCATATCATGGTCA-1,1,19,1,5271,2715
CTACATTAGCTGTTCA-1,1,18,2,5096,2815
ATTGGTGTCCGCATCT-1,1,19,3,5270,2915
AAAGTAGCATGGGAAC-1,1,18,4,5096,3015
ATTACTCTCGTCACGG-1,1,19,5,5270,3115
CAGCAGCTCTTCGAGA-1,1,18,6,5096,3215
CTCGTCATCAGTTCGA-1,1,19,7,5270,3315
CGGACGTTCGCAAACT-1,1,18,8,5096,3415
AACTGGTGTGCGCTTG-1,1,19,9,5270,3515
AAACCTGAGACCACGA-1,1,18,10,5095,3615
CGACTTCCAGCATACT-1,1,19,11,5269,3715
AACACGTGTGCCTGGT-1,1,18,12,5095,3815
CACCTTGTCTTGAGAC-1,1,19,13,5269,3915
ATCATCTAGTGCCATT-1,1,18,14,5095,4015
CACAAACTCAACACCA-1,1,19,15,5269,4115
CCTCTGACAAGGCTCC-1,1,18,16,5095,4215
CTCGTACTCTTGAGGT-1,1,19,17,5269,4316
AAAGCAACACAGTCGC-1,1,18,18,5094,4415
AGCGTCGTCATTATCC-1,1,19,19,5268,4516
ACCAGTAAGGCTATCT-1,1,18,20,5094,4616
ACCAGTATCGAATGGG-1,1,19,21,5268,4716
CGTCACTCATATGCTG-1,1,18,22,5094,4816
ACTTTCACACCGAATT-1,1,19,23,5268,4916
GGACAAGTCTATCCCG-1,1,18,24,5094,5016
TACCTATAGTACCGGA-1,1,19,25,5268,5116
CTTTGCGGTAGCTGCC-1,1,18,26,5093,5216
GCATGTAAGCCTCGTG-1,1,19,27,5267,5316
TCCACACTCTTATCTG-1,1,18,28,5093,5416
TTCTACAAGAAAGTGG-1,1,19,29,5267,5516
TACTTGTCACAACGCC-1,1,18,30,5093,5616
GTTCGGGCAGCGTAAG-1,1,19,31,5267,5716
TCATTACCAGACGTAG-1,1,18,32,5093,5816
TGAGGGAAGTTTAGGA-1,1,19,33,5267,5916
GATCAGTCATCACAAC-1,1,18,34,5092,6016
TGACAACGTGAGTATA-1,1,19,35,5266,6116
TTGCCGTGTCCCTTGT-1,1,18,36,5092,6216
TATGCCCTCACATGCA-1,1,19,37,5266,6317
GATTCAGGTCTGCCAG-1,1,18,38,5092,6416
GTTACAGCAGGCGATA-1,1,19,39,5266,6517
TTCTTAGCAGTTTACG-1,1,18,40,5092,6617
TCGGTAACAGTCGTGC-1,1,19,41,5266,6717
GAACATCCATGACATC-1,1,18,42,5091,6817
GGCCGATGTAAGCACG-1,1,19,43,5265,6917
GTCAAGTCAGTATCTG-1,1,18,44,5091,7017
GCATGCGAGAGCTGGT-1,1,19,45,5265,7117
GTCTTCGTCGCGTAGC-1,1,18,46,5091,7217
GATGCTATCGTTGCCT-1,1,19,47,5265,7317
GGAAAGCCAGGTGGAT-1,1,18,48,5091,7417
TGGGAAGAGAATTCCC-1,1,19,49,5265,7517
GTAACGTGTGATAAAC-1,1,18,50,5090,7617
TCAGGTAAGGCATGGT-1,1,19,51,5264,7717
TGACGGCCAGTCAGAG-1,1,18,52,5090,7817
TAAGTGCGTCGCGAAA-1,1,19,53,5264,7917
TAGTGGTGTTGGACCC-1,1,18,54,5090,8017
GAACCTAAGGAGTTTA-1,1,19,55,5264,8117
TGCGGGTAGAGCCTAG-1,1,18,56,5090,8217
TCATTACTCTGCAGTA-1,1,19,57,5264,8318
TCATTACGTAGCTAAA-1,1,18,58,5089,8417
TGGACGCGTAATAGCA-1,1,19,59,5263,8518
TGTGGTATCTCGATGA-1,1,18,60,5089,8617
GCTTCCACATCGGAAG-1,1,19,61,5263,8718
GTCAAGTGTCAAAGAT-1,1,18,62,5089,8818
GTGAAGGGTAGCACGA-1,1,19,63,5263,8918
CATCGAAAGCGCTCCA-1,1,20,0,5445,2615
AGAATAGTCGAGAACG-1,1,21,1,5619,2715
AGGTCATTCGGCTTGG-1,1,20,2,5444,2815
ATTGGTGTCTTCAACT-1,1,21,3,5618,2915
ACTGTCCCACTACAGT-1,1,20,4,5444,3015
CGCCAAGTCCTTTCTC-1,1,21,5,5618,3115
CGACCTTTCATGTCTT-1,1,20,6,5444,3215
ACAGCCGAGCTGGAAC-1,1,21,7,5618,3316
CCACTACCATCACGTA-1,1,20,8,5444,3415
CCTTCCCTCCAAGCCG-1,1,21,9,5618,3516
AGCAGCCGTTCACGGC-1,1,20,10,5443,3615
CGGAGCTAGAACAACT-1,1,21,11,5617,3716
CTCATTAAGGCCCTTG-1,1,20,12,5443,3816
CCGTGGAGTAGAAAGG-1,1,21,13,5617,3916
ATAAGAGGTCCAAGTT-1,1,20,14,5443,4016
ATCGAGTCAACTGCGC-1,1,21,15,5617,4116
ACTGATGCAATGAAAC-1,1,20,16,5443,4216
ACGATACGTTCGCGAC-1,1,21,17,5617,4316
CGCCAAGAGAAGGGTA-1,1,20,18,5442,4416
CTCGTACCATGTTCCC-1,1,21,19,5616,4516
AAATGCCAGATGTAAC-1,1,20,20,5442,4616
AGCGGTCCACAGGTTT-1,1,21,21,5616,4716
AAGGAGCGTGCGGTAA-1,1,20,22,5442,4816
CGATGTACAGTCAGCC-1,1,21,23,5616,4916
TCTCATAAGGCTCAGA-1,1,20,24,5442,5016
GCATGATCATACTACG-1,1,21,25,5616,5116
TTCTACAAGGAGCGTT-1,1,20,26,5442,5216
TTTGCGCTCGATCCCT-1,1,21,27,5615,5317
GTTCATTGTTTAAGCC-1,1,20,28,5441,5416
TTGACTTTCTCCAACC-1,1,21,29,5615,5517
GGTGCGTGTTAAGTAG-1,1,20,30,5441,5616
TTAGTTCCATAGACTC-1,1,21,31,5615,5717
GTATCTTTCTCCCTGA-1,1,20,32,5441,5817
GAATGAATCTGTCTCG-1,1,21,33,5615,5917
GGTGTTAAGACTTGAA-1,1,20,34,5441,6017
TGTTCCGGTCGCTTTC-1,1,21,35,5614,6117
GATGAAACACCCATTC-1,1,20,36,5440,6217
TTGAACGCAATCACAC-1,1,21,37,5614,6317
TTAGTTCCACTGTGTA-1,1,20,38,5440,6417
TGAAAGATCCACGCAG-1,1,21,39,5614,6517
GACACGCCAGGTCGTC-1,1,20,40,5440,6617
TACACGACAAACAACA-1,1,21,41,5614,6717
GGGCATCCAGTGGAGT-1,1,20,42,5440,6817
TCCCGATAGGTAGCTG-1,1,21,43,5614,6917
GGCTCGACACACCGAC-1,1,20,44,5439,7017
GTGAAGGAGAGCTGGT-1,1,21,45,5613,7117
GTTCATTCATTAGGCT-1,1,20,46,5439,7217
TGGTTCCGTGCATCTA-1,1,21,47,5613,7317
CTTGGCTAGAAACCTA-1,1,20,48,5439,7417
TACGGTACAAGGCTCC-1,1,21,49,5613,7518
GATCGCGAGGCCCTTG-1,1,20,50,5439,7617
CTGCTGTAGGACGAAA-1,1,21,51,5613,7718
TCTGGAAGTTGGACCC-1,1,20,52,5438,7818
TGGACGCGTACCGTAT-1,1,21,53,5612,7918
GGACATTAGAGATGAG-1,1,20,54,5438,8018
TCAGGTAGTTTGGGCC-1,1,21,55,5612,8118
TTGGCAAGTCTAGCCG-1,1,20,56,5438,8218
TACACGAGTGTGTGCC-1,1,21,57,5612,8318
GGCCGATGTCATCCCT-1,1,20,58,5438,8418
TCGAGGCAGGCAGGTT-1,1,21,59,5612,8518
GTTCGGGGTCCATCCT-1,1,20,60,5437,8618
TTCTCCTAGATCACGG-1,1,21,61,5611,8718
TTGCGTCTCGTACGGC-1,1,20,62,5437,8818
GGCTCGATCTCTGCTG-1,1,21,63,5611,8918
CACACCTCAAGCCCAC-1,1,22,0,5793,2615
CACACCTAGGACAGCT-1,1,23,1,5967,2716
ATGGGAGTCGTAGGAG-1,1,22,2,5793,2815
AGTGGGAGTGTGAAAT-1,1,23,3,5967,2916
CTCACACGTTCGCTAA-1,1,22,4,5792,3016
ATGAGGGGTTCAGGCC-1,1,23,5,5966,3116
CAGCGACGTTGCGCAC-1,1,22,6,5792,3216
CGTGTAAGTAGAAAGG-1,1,23,7,5966,3316
AACACGTGTCGGCTCA-1,1,22,8,5792,3416
ACGCCGAAGGCCCTTG-1,1,23,9,5966,3516
AGGGAGTTCAGGCGAA-1,1,22,10,5792,3616
ACAGCTACATTTGCCC-1,1,23,11,5966,3716
ACTGAACGTCAAAGAT-1,1,22,12,5791,3816
AGCGTATCATCACGTA-1,1,23,13,5965,3916
AAGCCGCTCCAGGGCT-1,1,22,14,5791,4016
AGCGTATCAGACGTAG-1,1,23,15,5965,4116
CCGTTCATCATTGCGA-1,1,22,16,5791,4216
ATCTACTAGAGGACGG-1,1,23,17,5965,4316
CTACATTAGGGTGTGT-1,1,22,18,5791,4416
ACTGAACAGTATCGAA-1,1,23,19,5965,4517
CGACCTTCATTGGCGC-1,1,22,20,5790,4616
CCATGTCCAAACGTGG-1,1,23,21,5964,4717
CGCGTTTGTTGATTGC-1,1,22,22,5790,4816
ACGGAGACAGCCAGAA-1,1,23,23,5964,4917
TCCACACAGGAGTCTG-1,1,22,24,5790,5017
GCAGTTAGTCCATGAT-1,1,23,25,5964,5117
GTGCAGCAGGCTAGAC-1,1,22,26,5790,5217
GAGGTGATCCTCGCAT-1,1,23,27,5964,5317
GGACAAGCACCTCGTT-1,1,22,28,5789,5417
GGGCATCCACCCATGG-1,1,23,29,5963,5517
GATCTAGCACCATGTA-1,1,22,30,5789,5617
GGACAGACAGGTTTCA-1,1,23,31,5963,5717
CTGATAGCATCGACGC-1,1,22,32,5789,5817
TGAGCCGTCGGAAATA-1,1,23,33,5963,5917
TCTTCGGAGCGTTCCG-1,1,22,34,5789,6017
GTCGGGTGTACTTGAC-1,1,23,35,5963,6117
GGGTCTGTCAATACCG-1,1,22,36,5788,6217
GCTCCTATCGGAGGTA-1,1,23,37,5962,6317
TGCCCTATCACGACTA-1,1,22,38,5788,6417
GTGTTAGTCGAATGCT-1,1,23,39,5962,6518
TGCCAAATCCAACCAA-1,1,22,40,5788,6617
GACCTGGTCGATGAGG-1,1,23,41,5962,6718
TCACAAGGTCCTGCTT-1,1,22,42,5788,6817
TCAGGATAGTGGGTTG-1,1,23,43,5962,6918
GTTCGGGCACCAGTTA-1,1,22,44,5787,7018
TCGGTAAGTCACAAGG-1,1,23,45,5961,7118
GTCGTAAGTGCAACTT-1,1,22,46,5787,7218
TGCCCTATCTTGCAAG-1,1,23,47,5961,7318
TTGGAACGTGTTAAGA-1,1,22,48,5787,7418
GAACCTAAGCCAGGAT-1,1,23,49,5961,7518
GTGCAGCTCACATACG-1,1,22,50,5787,7618
GATGAAAAGGCTATCT-1,1,23,51,5961,7718
GCGACCAGTACCGTAT-1,1,22,52,5786,7818
GGGCACTCACATTCGA-1,1,23,53,5960,7918
TCATTACTCTCGTATT-1,1,22,54,5786,8018
TACGGGCAGCACGCCT-1,1,23,55,5960,8118
GCGACCATCATGTGGT-1,1,22,56,5786,8218
TGTCCCAAGATGCCAG-1,1,23,57,5960,8318
TCTGGAAGTAGCACGA-1,1,22,58,5786,8418
CTGCCTATCACGAAGG-1,1,23,59,5960,8519
TAGGCATGTAGCCTCG-1,1,22,60,5785,8618
GCATGATAGTTCGCAT-1,1,23,61,5959,8719
TTGCCGTAGTACATGA-1,1,22,62,5785,8818
GGATGTTGTGAGGCTA-1,1,23,63,5959,8919
CTACATTGTTGGTGGA-1,1,24,0,6141,2616
ACGATGTCATTTCACT-1,1,25,1,6315,2716
ATGTGTGAGCCCAGCT-1,1,24,2,6141,2816
CTCGAGGGTCTAGGTT-1,1,25,3,6315,2916
CACCAGGTCTGTTGAG-1,1,24,4,6141,3016
CAGTCCTCATACAGCT-1,1,25,5,6315,3116
ACATACGTCACATAGC-1,1,24,6,6140,3216
CATTCGCAGCGCCTCA-1,1,25,7,6314,3316
ACGTCAACAGTCCTTC-1,1,24,8,6140,3416
ACTGTCCGTTGGGACA-1,1,25,9,6314,3516
CCTACCACAATGGATA-1,1,24,10,6140,3616
CCTATTAAGCGTAATA-1,1,25,11,6314,3717
AACACGTAGTGTTGAA-1,1,24,12,6140,3816
AGAGCTTGTTTGTTGG-1,1,25,13,6314,3917
CGGAGTCCAGACAAGC-1,1,24,14,6139,4017
ACGAGCCAGAACAACT-1,1,25,15,6313,4117
CAGCCGATCGTCTGCT-1,1,24,16,6139,4217
ACGTCAATCCATGAGT-1,1,25,17,6313,4317
CCCAGTTGTTCCACAA-1,1,24,18,6139,4417
AGATTGCTCCTTTACA-1,1,25,19,6313,4517
CAGAATCTCTATCCTA-1,1,24,20,6139,4617
ACGAGGAGTCAAAGAT-1,1,25,21,6313,4717
AAGCCGCAGCAGGCTA-1,1,24,22,6138,4817
ATTTCTGTCGTTGCCT-1,1,25,23,6312,4917
GACGTTAAGGCCCTCA-1,1,24,24,6138,5017
CTGGTCTAGGATATAC-1,1,25,25,6312,5117
GCATGTAAGTACGTAA-1,1,24,26,6138,5217
GTTTCTATCCACGACG-1,1,25,27,6312,5317
TACAGTGAGAAACCTA-1,1,24,28,6138,5417
TTTCCTCGTTCTCATT-1,1,25,29,6312,5517
GTCAAGTTCATGGTCA-1,1,24,30,6137,5617
TACTCGCCATTAGGCT-1,1,25,31,6311,5718
GACGTTATCTGCAAGT-1,1,24,32,6137,5817
GCTGCGACAGCTGTAT-1,1,25,33,6311,5918
CTGTTTAGTGGGTCAA-1,1,24,34,6137,6017
GCAAACTAGGCTCATT-1,1,25,35,6311,6118
GACGGCTTCAACACGT-1,1,24,36,6137,6218
TTAGGCACAATTCCTT-1,1,25,37,6311,6318
GACCAATTCATGCTCC-1,1,24,38,6136,6418
GATCTAGCATATGCTG-1,1,25,39,6310,6518
TGACAACTCTCGCTTG-1,1,24,40,6136,6618
TTTCCTCAGCTAACAA-1,1,25,41,6310,6718
CTGGTCTTCAGGATCT-1,1,24,42,6136,6818
GCTGCGAGTGCAACGA-1,1,25,43,6310,6918
TACGGTATCTTACCGC-1,1,24,44,6136,7018
TTGGAACCACTGAAGG-1,1,25,45,6310,7118
TGTGTTTCACGTCAGC-1,1,24,46,6135,7218
GGACATTTCAACCATG-1,1,25,47,6309,7318
GAAATGAGTGGTACAG-1,1,24,48,6135,7418
GGAAAGCAGCCCAATT-1,1,25,49,6309,7518
TTGCGTCGTTGAGTTC-1,1,24,50,6135,7618
CTGCGGAGTTGTGGAG-1,1,25,51,6309,7719
CTTGGCTGTTCCACTC-1,1,24,52,6135,7818
TAGGCATAGGAGTAGA-1,1,25,53,6309,7919
TGCTACCGTTATCGGT-1,1,24,54,6134,8018
TCAGCAAGTGGACGAT-1,1,25,55,6308,8119
TCATTACGTAAACGCG-1,1,24,56,6134,8219
GACCAATTCGCACTCT-1,1,25,57,6308,8319
GCTTGAACATCACCCT-1,1,24,58,6134,8419
CTGCGGAAGTAGTGCG-1,1,25,59,6308,8519
GGGACCTAGTTCGCAT-1,1,24,60,6134,8619
TTCTACATCCAGAAGG-1,1,25,61,6308,8719
GTCACAAGTGTTAAGA-1,1,24,62,6133,8819
GTAGTCAAGTCGTACT-1,1,25,63,6307,8919
CCGTGGAGTATGAAAC-1,1,26,0,6489,2616
CGTGTCTCAGACGCAA-1,1,27,1,6663,2717
CTCTACGGTCATACTG-1,1,26,2,6489,2816
AGCGTATTCTTCCTTC-1,1,27,3,6663,2917
ATCACGAAGAAACGAG-1,1,26,4,6489,3016
CCTCAGTAGTCTTGCA-1,1,27,5,6663,3117
CGATTGATCTGCTGCT-1,1,26,6,6488,3217
CGGACTGTCTGCAAGT-1,1,27,7,6662,3317
CGCCAAGTCTGAGGGA-1,1,26,8,6488,3417
AAGTCTGGTATTAGCC-1,1,27,9,6662,3517
CATCAGACAATGAATG-1,1,26,10,6488,3617
ACAGCCGCATGACGGA-1,1,27,11,6662,3717
CACAGTACAACACGCC-1,1,26,12,6488,3817
CAGCGACGTCAACATC-1,1,27,13,6662,3917
CCTAGCTGTCTTGCGG-1,1,26,14,6488,4017
AACACGTCACCTCGGA-1,1,27,15,6661,4117
CACCAGGCATGCCTTC-1,1,26,16,6487,4217
CTCTAATGTATTAGCC-1,1,27,17,6661,4317
CTAGCCTTCCACGTTC-1,1,26,18,6487,4417
ACATGGTAGAACAACT-1,1,27,19,6661,4517
CAACTAGAGGACTGGT-1,1,26,20,6487,4617
AGTTGGTCAGGTTTCA-1,1,27,21,6661,4717
AGATCTGTCACATACG-1,1,26,22,6487,4817
CAGGTGCCATCCCATC-1,1,27,23,6660,4918
GGACATTTCGACCAGC-1,1,26,24,6486,5017
GGGTCTGAGCGCTTAT-1,1,27,25,6660,5118
GCGGGTTCACCGGAAA-1,1,26,26,6486,5218
GATCGATCAGCTGTGC-1,1,27,27,6660,5318
TTTATGCAGCGACGTA-1,1,26,28,6486,5418
GACGGCTGTATGAAAC-1,1,27,29,6660,5518
CTTTGCGTCGTTACGA-1,1,26,30,6486,5618
TATGCCCGTGAAATCA-1,1,27,31,6660,5718
GGATTACGTCGACTAT-1,1,26,32,6485,5818
GTAACTGTCCCTTGTG-1,1,27,33,6659,5918
TGGACGCCAATAACGA-1,1,26,34,6485,6018
CTTAGGAAGTTGTAGA-1,1,27,35,6659,6118
TTGACTTAGCAGGCTA-1,1,26,36,6485,6218
GACGTGCAGAAGATTC-1,1,27,37,6659,6318
TCTCTAAAGCTAGCCC-1,1,26,38,6485,6418
GCGCAACTCATGGTCA-1,1,27,39,6659,6518
GTGGGTCGTGCTCTTC-1,1,26,40,6484,6618
GTCTCGTCATCCTAGA-1,1,27,41,6658,6718
TTTGGTTCAGACGCTC-1,1,26,42,6484,6818
GGAATAAAGTTGTCGT-1,1,27,43,6658,6919
TGGGCGTAGTATCTCG-1,1,26,44,6484,7018
GACCAATAGTTATCGC-1,1,27,45,6658,7119
GTAGGCCCATCGGACC-1,1,26,46,6484,7219
TCTATTGGTCCAAGTT-1,1,27,47,6658,7319
TATTACCCATGGGACA-1,1,26,48,6483,7419
GTCTTCGAGATCGATA-1,1,27,49,6657,7519
GTCTTCGGTCGAGATG-1,1,26,50,6483,7619
GAAGCAGCAGCTCGAC-1,1,27,51,6657,7719
GACCTGGAGATGCCTT-1,1,26,52,6483,7819
GGCTGGTTCGGCCGAT-1,1,27,53,6657,7919
CTGGTCTAGCGTCTAT-1,1,26,54,6483,8019
CTGCGGATCATCGGAT-1,1,27,55,6657,8119
TGAGCATCAGCGATCC-1,1,26,56,6482,8219
TGGGAAGAGGGCATGT-1,1,27,57,6656,8319
TTGGAACAGCAGCGTA-1,1,26,58,6482,8419
GCTGCGAGTCTGCGGT-1,1,27,59,6656,8519
GCTGCGAAGGCCATAG-1,1,26,60,6482,8619
CTGATAGTCGGCGCTA-1,1,27,61,6656,8719
TCATTACCATCGGGTC-1,1,26,62,6482,8819
GCGAGAACAACACGCC-1,1,27,63,6656,8920
CGCTTCACAGATTGCT-1,1,28,0,6837,2617
CGACCTTTCGCGTTTC-1,1,29,1,7011,2717
ACATGGTAGCATCATC-1,1,28,2,6837,2817
CCTACCAAGATTACCC-1,1,29,3,7011,2917
ATCATCTTCTAACTGG-1,1,28,4,6837,3017
AAACGGGGTGTGACCC-1,1,29,5,7011,3117
AGTGTCATCACAGGCC-1,1,28,6,6837,3217
AGTTGGTTCAGCTTAG-1,1,29,7,7011,3317
AAGGAGCAGCTAGCCC-1,1,28,8,6836,3417
ACTTTCACAGCATGAG-1,1,29,9,7010,3517
ATCTGCCAGGATGGAA-1,1,28,10,6836,3617
CCTTTCTTCTCGGACG-1,1,29,11,7010,3717
CCACGGAGTTACGGAG-1,1,28,12,6836,3817
CAAGAAATCAGCCTAA-1,1,29,13,7010,3918
CGGCTAGGTCATGCCG-1,1,28,14,6836,4017
CAAGAAACAGTCGATT-1,1,29,15,7010,4118
ACTATCTGTCTAGCGC-1,1,28,16,6835,4217
AGTTGGTTCTTTAGTC-1,1,29,17,7009,4318
CCACTACCAATAAGCA-1,1,28,18,6835,4418
CCAATCCGTTATCGGT-1,1,29,19,7009,4518
CGGTTAATCGGCATCG-1,1,28,20,6835,4618
CAAGATCCATGTCGAT-1,1,29,21,7009,4718
AGCATACAGTGGAGTC-1,1,28,22,6835,4818
CGTGTCTGTAGCGTAG-1,1,29,23,7009,4918
GGAGCAAGTATTCTCT-1,1,28,24,6834,5018
TTCGGTCTCCTGCTTG-1,1,29,25,7008,5118
TCATTTGGTTATCGGT-1,1,28,26,6834,5218
GGTGTTATCCTGCTTG-1,1,29,27,7008,5318
TTATGCTTCAACGGCC-1,1,28,28,6834,5418
TTCTCAAGTTGGGACA-1,1,29,29,7008,5518
TAAGTGCTCCGAAGAG-1,1,28,30,6834,5618
GAAACTCAGTCATGCT-1,1,29,31,7008,5718
GTATTCTAGAGCAATT-1,1,28,32,6833,5818
TACGGGCGTAACGTTC-1,1,29,33,7007,5919
TCTCATAGTGCTGTAT-1,1,28,34,6833,6018
TTCGGTCCACGACTCG-1,1,29,35,7007,6119
GCTGGGTTCCCTAACC-1,1,28,36,6833,6218
GAACGGAGTATAAACG-1,1,29,37,7007,6319
TACACGATCGAGAGCA-1,1,28,38,6833,6419
GTACTTTTCACGATGT-1,1,29,39,7007,6519
GACTACAGTAGCACGA-1,1,28,40,6832,6619
TACCTTACATGACATC-1,1,29,41,7006,6719
TGGCCAGAGTTATCGC-1,1,28,42,6832,6819
GGCTGGTAGTTTGCGT-1,1,29,43,7006,6919
GTGCAGCAGGAGTTTA-1,1,28,44,6832,7019
GTGTGCGTCAACCATG-1,1,29,45,7006,7119
TGTCCCAAGTCGTTTG-1,1,28,46,6832,7219
CTTAGGAGTTGTACAC-1,1,29,47,7006,7319
GCACATAGTAAAGTCA-1,1,28,48,6831,7419
GGCTCGAAGTGACATA-1,1,29,49,7005,7519
CTGCCTACATGATCCA-1,1,28,50,6831,7619
TGACTTTAGACGCACA-1,1,29,51,7005,7719
GCTCCTAGTTAAGGGC-1,1,28,52,6831,7819
TGGCTGGAGGTGCAAC-1,1,29,53,7005,7920
TGCGGGTGTACACCGC-1,1,28,54,6831,8019
TCAGGTATCGGTTCGG-1,1,29,55,7005,8120
TAAGCGTTCCCGACTT-1,1,28,56,6831,8219
GGCAATTTCCTTAATC-1,1,29,57,7004,8320
GTGCATATCCGCGTTT-1,1,28,58,6830,8420
TTGTAGGCAGATAATG-1,1,29,59,7004,8520
TGATTTCTCCTTGACC-1,1,28,60,6830,8620
GAGTCCGAGATTACCC-1,1,29,61,7004,8720
TCTGGAATCCACTCCA-1,1,28,62,6830,8820
TGCTACCAGAATGTGT-1,1,29,63,7004,8920
CTAACTTTCACAGGCC-1,1,30,0,7186,2617
ATTTCTGTCATTGCCC-1,1,31,1,7360,2717
AGGCCACGTCGAGATG-1,1,30,2,7185,2817
CCATTCGCATACCATG-1,1,31,3,7359,2917
CATTATCCATCCCATC-1,1,30,4,7185,3017
ACTTGTTTCCGGCACA-1,1,31,5,7359,3118
CCCAATCTCCTGCCAT-1,1,30,6,7185,3217
CATGCCTCAGTTCCCT-1,1,31,7,7359,3318
ACGAGCCAGTCCCACG-1,1,30,8,7185,3417
CGCGGTACATTAGCCA-1,1,31,9,7359,3518
AAATGCCGTCCGACGT-1,1,30,10,7184,3618
AGGCCGTTCTCGAGTA-1,1,31,11,7358,3718
ATGAGGGAGAGCTATA-1,1,30,12,7184,3818
CGATTGAAGGACAGCT-1,1,31,13,7358,3918
ATTGGACGTTATTCTC-1,1,30,14,7184,4018
AATCGGTGTAATCACC-1,1,31,15,7358,4118
CAAGTTGCAATGGAAT-1,1,30,16,7184,4218
AGATTGCTCGAGGTAG-1,1,31,17,7358,4318
AAGGTTCGTATCAGTC-1,1,30,18,7183,4418
CCCAGTTCAGTTTACG-1,1,31,19,7357,4518
CCTACACCACACGCTG-1,1,30,20,7183,4618
AGGGATGTCTTCTGGC-1,1,31,21,7357,4718
CAAGGCCTCGCTTGTC-1,1,30,22,7183,4818
CCGGTAGTCGGTTAAC-1,1,31,23,7357,4918
GCTTGAAAGTAACCCT-1,1,30,24,7183,5018
GCTCCTAAGGGAGTAA-1,1,31,25,7357,5119
TGAGAGGGTATAGGTA-1,1,30,26,7182,5218
GCTGCAGGTCGAGTTT-1,1,31,27,7356,5319
CTTAGGAGTCAGATAA-1,1,30,28,7182,5418
TCGCGAGTCTGTCTCG-1,1,31,29,7356,5519
GGACGTCTCAGTACGT-1,1,30,30,7182,5619
GCAGCCAGTGTTGAGG-1,1,31,31,7356,5719
GGGAATGAGTACGATA-1,1,30,32,7182,5819
GTTCGGGAGGGAACGG-1,1,31,33,7356,5919
GTCAAGTGTATTACCG-1,1,30,34,7181,6019
GGTGAAGAGCAAATCA-1,1,31,35,7355,6119
TTCGAAGTCTAGCACA-1,1,30,36,7181,6219
GCTGGGTCACCTCGGA-1,1,31,37,7355,6319
TCCCGATTCCGTTGTC-1,1,30,38,7181,6419
GTGCAGCTCATGCAAC-1,1,31,39,7355,6519
TCGTAGAGTTACCAGT-1,1,30,40,7181,6619
TCATTTGGTTATTCTC-1,1,31,41,7355,6719
GTACGTACATGTCTCC-1,1,30,42,7180,6819
TTGCGTCTCGTAGGTT-1,1,31,43,7354,6919
GTACTTTTCAACTCTT-1,1,30,44,7180,7019
TGCTGCTAGTGATCGG-1,1,31,45,7354,7120
GTGAAGGGTTCTGGTA-1,1,30,46,7180,7219
TTTATGCAGTAAGTAC-1,1,31,47,7354,7320
GTCACGGTCAAACCGT-1,1,30,48,7180,7419
GTCACGGCATGCTAGT-1,1,31,49,7354,7520
TACTCATAGGCTATCT-1,1,30,50,7179,7620
GAATGAACATACGCTA-1,1,31,51,7353,7720
TGGGCGTAGAAACCGC-1,1,30,52,7179,7820
CTGATCCGTCGGCTCA-1,1,31,53,7353,7920
TGCCCTATCTCAACTT-1,1,30,54,7179,8020
TCAATCTGTACTTGAC-1,1,31,55,7353,8120
GATCGATTCTTCGGTC-1,1,30,56,7179,8220
TACGGATAGAGACGAA-1,1,31,57,7353,8320
CTGCGGATCGTCTGAA-1,1,30,58,7178,8420
GGTATTGTCTCGCTTG-1,1,31,59,7352,8520
CTTAGGATCATTCACT-1,1,30,60,7178,8620
GTAACGTTCTCTGTCG-1,1,31,61,7352,8720
TCCACACGTAAGTGTA-1,1,30,62,7178,8820
TAGTTGGCAGTTAACC-1,1,31,63,7352,8920
CCTTCCCCACTACAGT-1,1,32,0,7534,2618
CAGCTGGAGAAGGTGA-1,1,33,1,7708,2718
CAGTAACAGCTAGTGG-1,1,32,2,7534,2818
ATGGGAGCAAACGCGA-1,1,33,3,7707,2918
CATCCACGTGATGCCC-1,1,32,4,7533,3018
CCGTTCAAGGAGTACC-1,1,33,5,7707,3118
CCTAAAGAGGACAGAA-1,1,32,6,7533,3218
CAGCTAAGTACAGTGG-1,1,33,7,7707,3318
CACAGTACAAATCCGT-1,1,32,8,7533,3418
AGCATACCATTAGCCA-1,1,33,9,7707,3518
AATCCAGGTCATTAGC-1,1,32,10,7533,3618
ATGTGTGTCACATAGC-1,1,33,11,7706,3718
CACAGTAGTTATCCGA-1,1,32,12,7532,3818
ACCGTAAAGGACTGGT-1,1,33,13,7706,3918
CAGAGAGCACAGCCCA-1,1,32,14,7532,4018
ACATCAGCACATTAGC-1,1,33,15,7706,4118
AGAGCGAGTCTAGCGC-1,1,32,16,7532,4218
CTCTAATGTCTAACGT-1,1,33,17,7706,4319
CTACCCAGTCGAGATG-1,1,32,18,7532,4418
ACTGATGTCCTATGTT-1,1,33,19,7705,4519
CACAGGCGTAAGCACG-1,1,32,20,7531,4619
AGCAGCCGTTCGAATC-1,1,33,21,7705,4719
CTAGTGATCCTAAGTG-1,1,32,22,7531,4819
AACTCCCTCGGATGTT-1,1,33,23,7705,4919
GTAGTCAAGGACTGGT-1,1,32,24,7531,5019
GTATCTTTCGCCGTGA-1,1,33,25,7705,5119
GCATGTACAGTGAGTG-1,1,32,26,7531,5219
TACACGACAAGTCTGT-1,1,33,27,7705,5319
GGCGTGTTCTCGTTTA-1,1,32,28,7530,5419
GCGCGATAGGTGCTTT-1,1,33,29,7704,5519
GCATGATAGAGAGCTC-1,1,32,30,7530,5619
TACGGGCAGCTGTTCA-1,1,33,31,7704,5719
GGTGTTAGTTACTGAC-1,1,32,32,7530,5819
GCGCGATCAAACGTGG-1,1,33,33,7704,5919
TCATTACCAGACGCTC-1,1,32,34,7530,6019
TGAGCCGAGTACTTGC-1,1,33,35,7704,6119
GTAGTCAAGACATAAC-1,1,32,36,7529,6219
TCTCATATCTATCGCC-1,1,33,37,7703,6320
TTTACTGTCATACGGT-1,1,32,38,7529,6419
CTTACCGTCGGTTAAC-1,1,33,39,7703,6520
GTGTGCGAGAGTTGGC-1,1,32,40,7529,6620
GACTAACAGACTGTAA-1,1,33,41,7703,6720
TGCCCATTCATCGATG-1,1,32,42,7529,6820
GCGACCACAATCCAAC-1,1,33,43,7703,6920
GTAACTGCAGCGATCC-1,1,32,44,7528,7020
TCAATCTCAAAGGCGT-1,1,33,45,7702,7120
CTGAAACCAATGAATG-1,1,32,46,7528,7220
TACTTACTCTGTTGAG-1,1,33,47,7702,7320
GCAGTTACATCGATTG-1,1,32,48,7528,7420
GTGCTTCAGACAAGCC-1,1,33,49,7702,7520
TTCCCAGAGTGGGTTG-1,1,32,50,7528,7620
TCATTACAGTTGTAGA-1,1,33,51,7702,7720
GAAATGACATCACCCT-1,1,32,52,7527,7820
GCCTCTACATAAGACA-1,1,33,53,7701,7920
GATGAGGAGTGCCATT-1,1,32,54,7527,8020
TGTATTCAGTGTCCAT-1,1,33,55,7701,8120
TCCACACAGTCAAGGC-1,1,32,56,7527,8220
GACACGCAGCACCGTC-1,1,33,57,7701,8321
GTTCATTGTTCCAACA-1,1,32,58,7527,8420
GCCTCTATCTGAGGGA-1,1,33,59,7701,8521
GTCGGGTTCAATAAGG-1,1,32,60,7526,8620
GTAGTCACATGCTGGC-1,1,33,61,7700,8721
GCGCCAAGTTGTCTTT-1,1,32,62,7526,8821
GGTGCGTGTTGAGTTC-1,1,33,63,7700,8921
CGCTTCAGTTCCGGCA-1,1,34,0,7882,2618
CCAATCCCACGGACAA-1,1,35,1,8056,2718
ACACTGAGTCTCATCC-1,1,34,2,7882,2818
CACACTCGTGCATCTA-1,1,35,3,8056,2918
CTACATTAGAGTACAT-1,1,34,4,7881,3018
CGAGAAGAGCTGAACG-1,1,35,5,8055,3118
AACACGTAGACTAAGT-1,1,34,6,7881,3218
ATCTGCCGTAGCTGCC-1,1,35,7,8055,3319
AAGACCTGTTCGCGAC-1,1,34,8,7881,3418
CGGAGTCCATCCGGGT-1,1,35,9,8055,3519
CCTACACGTGCCTTGG-1,1,34,10,7881,3618
AACTGGTTCGTTTAGG-1,1,35,11,8055,3719
CTAATGGGTACACCGC-1,1,34,12,7880,3819
CGAACATCATCGGTTA-1,1,35,13,8054,3919
AAAGATGTCGAGAACG-1,1,34,14,7880,4019
CTAAGACCAGATGAGC-1,1,35,15,8054,4119
CGCGGTATCGGCGCTA-1,1,34,16,7880,4219
CCTCAGTTCGTACGGC-1,1,35,17,8054,4319
CGTAGCGAGGCTCTTA-1,1,34,18,7880,4419
CTCGGGACAGGAATCG-1,1,35,19,8054,4519
AGGGATGCATCCGGGT-1,1,34,20,7879,4619
AATCCAGCAAACCCAT-1,1,35,21,8053,4719
CGTGAGCAGGGTCGAT-1,1,34,22,7879,4819
CGAGCCAGTCAACATC-1,1,35,23,8053,4919
GGTATTGAGTGGGATC-1,1,34,24,7879,5019
GACGCGTTCTAACGGT-1,1,35,25,8053,5119
TCAGGATGTTATCCGA-1,1,34,26,7879,5219
TTCTTAGGTCGATTGT-1,1,35,27,8053,5320
CTGTTTAGTCCGAAGA-1,1,34,28,7878,5419
GCATACACACCCAGTG-1,1,35,29,8052,5520
TCTTCGGGTCTCTCGT-1,1,34,30,7878,5619
TACCTATAGGGCTCTC-1,1,35,31,8052,5720
GATCGATCATCCTAGA-1,1,34,32,7878,5820
TATCAGGAGTTACCCA-1,1,35,33,8052,5920
CTTACCGTCAGTTAGC-1,1,34,34,7878,6020
TTGGAACAGAACAACT-1,1,35,35,8052,6120
TGACGGCAGTGATCGG-1,1,34,36,7877,6220
TATCAGGCAAGTCTGT-1,1,35,37,8051,6320
TGTCCCAAGACCCACC-1,1,34,38,7877,6420
GCATACATCAAACAAG-1,1,35,39,8051,6520
GACCAATGTGTTGAGG-1,1,34,40,7877,6620
TCTTCGGAGCAGGCTA-1,1,35,41,8051,6720
TCGCGTTAGCGCCTTG-1,1,34,42,7877,6820
CTTTGCGTCGTCCGTT-1,1,35,43,8051,6920
GACGTGCAGTTACCCA-1,1,34,44,7877,7020
TTTGTCATCCAAATGC-1,1,35,45,8050,7120
TTCCCAGTCCGCGTTT-1,1,34,46,7876,7220
TTCTTAGTCGGTGTTA-1,1,35,47,8050,7320
GGTGTTATCATGCAAC-1,1,34,48,7876,7420
GACGGCTCATGGTCTA-1,1,35,49,8050,7521
TGACTTTCATAAAGGT-1,1,34,50,7876,7620
TGCTACCTCTTTACAC-1,1,35,51,8050,7721
GCGACCAGTGTTCTTT-1,1,34,52,7876,7821
TCCACACCAATCACAC-1,1,35,53,8049,7921
GTACTCCGTGCCTTGG-1,1,34,54,7875,8021
TCTCTAATCAGAGACG-1,1,35,55,8049,8121
GAACGGATCCTTTCGG-1,1,34,56,7875,8221
GTCATTTGTACCGGCT-1,1,35,57,8049,8321
TCGGGACTCGGTGTCG-1,1,34,58,7875,8421
TGCGTGGTCCCTCTTT-1,1,35,59,8049,8521
TAGGCATAGGTAGCTG-1,1,34,60,7875,8621
TTGGAACGTAGATTAG-1,1,35,61,8048,8721
TTGTAGGTCAACACGT-1,1,34,62,7874,8821
TAGAGCTCAATGTTGC-1,1,35,63,8048,8921
CGTTGGGCAAAGCGGT-1,1,36,0,8230,2618
ACACCAACAGACAAGC-1,1,37,1,8404,2719
AAAGATGAGATACACA-1,1,36,2,8230,2818
AACTGGTGTCACAAGG-1,1,37,3,8404,2919
CGAACATTCTCTAGGA-1,1,36,4,8230,3019
CGTGAGCCATGAGCGA-1,1,37,5,8404,3119
AGTGTCAAGGGTGTTG-1,1,36,6,8229,3219
CACATAGCAACGATCT-1,1,37,7,8403,3319
CCACCTACACCAGGCT-1,1,36,8,8229,3419
CCTCTGAAGTAAGTAC-1,1,37,9,8403,3519
ACACCAAGTAATCGTC-1,1,36,10,8229,3619
ACTATCTTCATCGATG-1,1,37,11,8403,3719
CTAAGACTCTAACCGA-1,1,36,12,8229,3819
CAGCTAACACGTTGGC-1,1,37,13,8403,3919
CGGACGTCAATGAAAC-1,1,36,14,8228,4019
AATCGGTGTAATAGCA-1,1,37,15,8402,4119
ACGGGCTAGTCATCCA-1,1,36,16,8228,4219
AAGGAGCCAATGGACG-1,1,37,17,8402,4319
AGCTCCTGTCACTTCC-1,1,36,18,8228,4419
ATGTGTGGTCCCTTGT-1,1,37,19,8402,4520
ACAGCCGGTAGCGTAG-1,1,36,20,8228,4619
ACTTACTGTAAGGGAA-1,1,37,21,8402,4720
AAATGCCAGTTGTAGA-1,1,36,22,8227,4819
ACTATCTCAAAGGTGC-1,1,37,23,8401,4920
TTAACTCGTGCTTCTC-1,1,36,24,8227,5020
GGTGAAGCACACCGCA-1,1,37,25,8401,5120
TGCCCATGTCATCGGC-1,1,36,26,8227,5220
GTCACGGAGGTGCTAG-1,1,37,27,8401,5320
TCTGAGACAGCCAATT-1,1,36,28,8227,5420
TAGTTGGGTCTAAACC-1,1,37,29,8401,5520
TTGCCGTCATTGGTAC-1,1,36,30,8226,5620
TTATGCTAGCTAGTCT-1,1,37,31,8400,5720
TCCACACGTGATGCCC-1,1,36,32,8226,5820
GCCAAATAGCTGCCCA-1,1,37,33,8400,5920
GGAACTTCAGCATACT-1,1,36,34,8226,6020
GTATCTTGTGTTGAGG-1,1,37,35,8400,6120
GGCAATTGTGATAAGT-1,1,36,36,8226,6220
GATCAGTTCTGCGTAA-1,1,37,37,8400,6320
TCCCGATGTAAGTGGC-1,1,36,38,8225,6420
TGTGTTTAGTAACCCT-1,1,37,39,8399,6521
GATCGTATCAATAAGG-1,1,36,40,8225,6620
TGTCCCATCCTGCTTG-1,1,37,41,8399,6721
GTCGGGTGTCTACCTC-1,1,36,42,8225,6820
TAGAGCTTCGGTTCGG-1,1,37,43,8399,6921
TAGTTGGGTCTAGCCG-1,1,36,44,8225,7021
TTCTACATCACGCATA-1,1,37,45,8399,7121
TGTCCCATCTGCGACG-1,1,36,46,8224,7221
TGCTACCCACACAGAG-1,1,37,47,8398,7321
TGGACGCTCAGTTGAC-1,1,36,48,8224,7421
TTTGTCACACAGCCCA-1,1,37,49,8398,7521
TGAGCATTCAGCGACC-1,1,36,50,8224,7621
GCGCAGTTCAGTTAGC-1,1,37,51,8398,7721
GTCTCGTAGATATGGT-1,1,36,52,8224,7821
GGGCATCGTTTGTGTG-1,1,37,53,8398,7921
TACGGGCGTGCTTCTC-1,1,36,54,8223,8021
GTCAAGTTCTCTAGGA-1,1,37,55,8397,8121
TGTGTTTTCAGTTCGA-1,1,36,56,8223,8221
GATGAAAGTTATGTGC-1,1,37,57,8397,8321
TAGTGGTGTGCGAAAC-1,1,36,58,8223,8421
TGAGCATAGTTCGATC-1,1,37,59,8397,8522
GCAAACTTCCGAGCCA-1,1,36,60,8223,8621
GGACATTTCCGATATG-1,1,37,61,8397,8722
GTATTCTGTCGCATCG-1,1,36,62,8222,8821
TTAACTCTCTGGAGCC-1,1,37,63,8396,8922
AGCGTCGGTTCGGCAC-1,1,38,0,8578,2619
CATGGCGAGAAACCAT-1,1,39,1,8752,2719
CAACCAACAGCGTCCA-1,1,38,2,8578,2819
AGGCCACCAAACCTAC-1,1,39,3,8752,2919
ATCTACTGTACCGAGA-1,1,38,4,8578,3019
CGGACTGAGAGTACAT-1,1,39,5,8752,3119
ATAACGCGTAAGTTCC-1,1,38,6,8578,3219
CCGTACTAGTATCTCG-1,1,39,7,8751,3319
CAGATCAAGCAGATCG-1,1,38,8,8577,3419
CGTAGCGGTTAAGATG-1,1,39,9,8751,3519
ACTATCTTCGGAGGTA-1,1,38,10,8577,3619
CCGGTAGGTCCCTACT-1,1,39,11,8751,3720
CCTATTATCACAGGCC-1,1,38,12,8577,3819
AGTGTCACAATACGCT-1,1,39,13,8751,3920
AGCATACCAGGTGCCT-1,1,38,14,8577,4020
AACCATGGTGATAAAC-1,1,39,15,8751,4120
ATTTCTGCAATGTAAG-1,1,38,16,8576,4220
CACAGGCTCGCGCCAA-1,1,39,17,8750,4320
AACCATGAGCCCGAAA-1,1,38,18,8576,4420
CTCACACCACAGAGGT-1,1,39,19,8750,4520
CTCGAGGAGCGTCAAG-1,1,38,20,8576,4620
AGCTCTCAGGGTCGAT-1,1,39,21,8750,4720
CATTCGCCAAGGCTCC-1,1,38,22,8576,4820
AGTCTTTTCATAACCG-1,1,39,23,8750,4920
GATCGCGAGTGAAGAG-1,1,38,24,8575,5020
TGAGCATGTACCAGTT-1,1,39,25,8749,5120
GGATTACCATCGTCGG-1,1,38,26,8575,5220
TAAACCGAGAGAGCTC-1,1,39,27,8749,5320
GGCTGGTAGGACACCA-1,1,38,28,8575,5420
GAACATCTCGGCGCAT-1,1,39,29,8749,5520
TGCTGCTCAAGAGTCG-1,1,38,30,8575,5620
TAGTTGGAGCGCCTCA-1,1,39,31,8749,5721
GTGCAGCTCCTTGGTC-1,1,38,32,8574,5820
TACTTACAGGGCTTGA-1,1,39,33,8748,5921
GGACATTTCCAGTAGT-1,1,38,34,8574,6020
GATCAGTCACAGGCCT-1,1,39,35,8748,6121
TCTTCGGAGGCATGTG-1,1,38,36,8574,6221
GATCAGTTCCGCGCAA-1,1,39,37,8748,6321
TACTCGCTCTCGATGA-1,1,38,38,8574,6421
TCGGTAACAGATCTGT-1,1,39,39,8748,6521
GTGCGGTAGCCTCGTG-1,1,38,40,8573,6621
GGTGAAGAGCCCGAAA-1,1,39,41,8747,6721
TCAGGTAGTTACGCGC-1,1,38,42,8573,6821
TGGCTGGTCTAACTTC-1,1,39,43,8747,6921
GAATGAAGTGAACCTT-1,1,38,44,8573,7021
TGCGGGTGTTGCGCAC-1,1,39,45,8747,7121
GCACTCTAGATGGCGT-1,1,38,46,8573,7221
GATCGTACATGCTGGC-1,1,39,47,8747,7321
GACGGCTGTTCATGGT-1,1,38,48,8572,7421
TACCTATAGCTAAACA-1,1,39,49,8746,7521
GAACCTAAGTGCGATG-1,1,38,50,8572,7621
GTTTCTAGTTCAGACT-1,1,39,51,8746,7722
TGACTTTCACGCATCG-1,1,38,52,8572,7821
GTCGTAAAGACACGAC-1,1,39,53,8746,7922
CTTTGCGTCGCTTAGA-1,1,38,54,8572,8021
GGATGTTTCAGCGATT-1,1,39,55,8746,8122
GTCTCGTAGATCTGCT-1,1,38,56,8571,8222
GTCATTTCATTTCACT-1,1,39,57,8745,8322
GCCAAATGTCAGAGGT-1,1,38,58,8571,8422
GTCACAAAGACTTTCG-1,1,39,59,8745,8522
GGAAAGCGTTCCCTTG-1,1,38,60,8571,8622
GCGGGTTAGTACCGGA-1,1,39,61,8745,8722
GGGCATCAGTTATCGC-1,1,38,62,8571,8822
GACCTGGTCTTGACGA-1,1,39,63,8745,8922
AGTGAGGAGTGGGTTG-1,1,40,0,8926,2619
CTACGTCTCCTATTCA-1,1,41,1,9100,2720
AAAGTAGCAAAGAATC-1,1,40,2,8926,2819
CGATGGCCAAGTACCT-1,1,41,3,9100,2920
AGATTGCTCCTAGGGC-1,1,40,4,8926,3019
AGAGTGGTCCCGGATG-1,1,41,5,9100,3120
ACATACGGTCCGCTGA-1,1,40,6,8926,3220
CGATGGCAGTGACTCT-1,1,41,7,9100,3320
ACGTCAAGTGGTCCGT-1,1,40,8,8925,3420
ACACCAAGTCCTCTTG-1,1,41,9,9099,3520
CGCGTTTCACGCTTTC-1,1,40,10,8925,3620
CGCGGTATCCTGCTTG-1,1,41,11,9099,3720
CATCAGATCCGCATCT-1,1,40,12,8925,3820
CCAATCCCAGGCTGAA-1,1,41,13,9099,3920
CCCAATCAGAGTGAGA-1,1,40,14,8925,4020
CTAATGGAGTCAATAG-1,1,41,15,9099,4120
ATTACTCAGGTGCTAG-1,1,40,16,8924,4220
CTACCCAAGTAGCGGT-1,1,41,17,9098,4320
CCAATCCTCTCAAACG-1,1,40,18,8924,4420
ATTGGACAGGTTCCTA-1,1,41,19,9098,4520
ACTATCTGTTGGACCC-1,1,40,20,8924,4620
AAACGGGGTTACCAGT-1,1,41,21,9098,4720
ACTATCTGTTCACCTC-1,1,40,22,8924,4820
ACGATACTCGTTGACA-1,1,41,23,9098,4921
GACCTGGGTACAGACG-1,1,40,24,8923,5020
TCTCTAAAGACAGAGA-1,1,41,25,9097,5121
GACTACACACGTCAGC-1,1,40,26,8923,5221
GTGGGTCAGCAGACTG-1,1,41,27,9097,5321
GTGCTTCCACCGGAAA-1,1,40,28,8923,5421
GTGCTTCGTCCCTTGT-1,1,41,29,9097,5521
GATGAGGGTTACTGAC-1,1,40,30,8923,5621
GTAACTGGTATAGGTA-1,1,41,31,9097,5721
CTGTGCTGTCCTGCTT-1,1,40,32,8922,5821
TGCTACCCATAGTAAG-1,1,41,33,9096,5921
GGATTACTCGAATGCT-1,1,40,34,8922,6021
GACCAATGTGACAAAT-1,1,41,35,9096,6121
GTCACAAGTGTTGAGG-1,1,40,36,8922,6221
TGCGCAGCAGTAAGCG-1,1,41,37,9096,6321
GTACTCCGTCCGAACC-1,1,40,38,8922,6421
TGACTTTGTGAAAGAG-1,1,41,39,9096,6521
GGCTCGAGTACCTACA-1,1,40,40,8922,6621
GTCATTTGTACTTCTT-1,1,41,41,9095,6721
TACCTATAGTCTCAAC-1,1,40,42,8921,6821
GATCTAGTCAGGCAAG-1,1,41,43,9095,6922
GATCGTAAGGGATACC-1,1,40,44,8921,7021
GAACCTAAGTATTGGA-1,1,41,45,9095,7122
TTCGGTCAGCGTAATA-1,1,40,46,8921,7222
GGGATGAGTCGAGTTT-1,1,41,47,9095,7322
GCTTCCATCGAACTGT-1,1,40,48,8921,7422
TCTTCGGCACGTCTCT-1,1,41,49,9094,7522
GTAGGCCCACGGCTAC-1,1,40,50,8920,7622
TACGGGCCATCTATGG-1,1,41,51,9094,7722
GCTCTGTAGCTGAACG-1,1,40,52,8920,7822
GGCGACTTCCCACTTG-1,1,41,53,9094,7922
TCATTACGTGATAAGT-1,1,40,54,8920,8022
GTTTCTACACAACGTT-1,1,41,55,9094,8122
GTACGTAGTTGGAGGT-1,1,40,56,8920,8222
TTGCGTCCAGTACACT-1,1,41,57,9094,8322
GCTGCGAGTCATGCAT-1,1,40,58,8919,8422
TAGACCAGTAAATGTG-1,1,41,59,9093,8522
TATCAGGAGCTGCGAA-1,1,40,60,8919,8622
GGGATGACATTGGCGC-1,1,41,61,9093,8722
TACTCGCGTCGGGTCT-1,1,40,62,8919,8822
TCGGTAAAGGTGACCA-1,1,41,63,9093,8923
CGGTTAAAGCAGCGTA-1,1,42,0,9275,2620
CCTAGCTAGCGTTTAC-1,1,43,1,9449,2720
ACAGCCGCAGGACCCT-1,1,42,2,9274,2820
ATAAGAGGTAAGCACG-1,1,43,3,9448,2920
ACGGGCTTCTTCCTTC-1,1,42,4,9274,3020
ATTCTACTCACCTCGT-1,1,43,5,9448,3120
AGTAGTCGTCAAACTC-1,1,42,6,9274,3220
CACCAGGCAGTTCCCT-1,1,43,7,9448,3320
ACATACGTCGGCCGAT-1,1,42,8,9274,3420
CACAGGCTCGTATCAG-1,1,43,9,9448,3520
CACCAGGGTGATGATA-1,1,42,10,9273,3620
CTCGAAACACTACAGT-1,1,43,11,9447,3720
ACGGGTCCATTCCTGC-1,1,42,12,9273,3820
ATCATGGAGAGTACAT-1,1,43,13,9447,3921
CAGTAACAGGACATTA-1,1,42,14,9273,4020
CGTAGCGCACGCGAAA-1,1,43,15,9447,4121
ACGAGGACAGCGATCC-1,1,42,16,9273,4220
ATCTGCCGTACCCAAT-1,1,43,17,9447,4321
ACGATGTCAAGCGAGT-1,1,42,18,9272,4421
CAAGATCCACGACTCG-1,1,43,19,9446,4521
CCTTCGAAGACAGACC-1,1,42,20,9272,4621
AAATGCCGTGATAAGT-1,1,43,21,9446,4721
CGGACGTCAACAACCT-1,1,42,22,9272,4821
CATCGAACAAATCCGT-1,1,43,23,9446,4921
GGACAAGAGAGTACAT-1,1,42,24,9272,5021
GGAGCAAGTTGGTGGA-1,1,43,25,9446,5121
GTAGGCCAGGTGTTAA-1,1,42,26,9271,5221
GCATGTAGTGTAAGTA-1,1,43,27,9445,5321
GTCGGGTAGGAGTACC-1,1,42,28,9271,5421
GTCTCGTTCCTTTCTC-1,1,43,29,9445,5521
TATGCCCGTGATGCCC-1,1,42,30,9271,5621
GTATTCTGTAAACGCG-1,1,43,31,9445,5721
GGGCACTCAGCTATTG-1,1,42,32,9271,5821
CTGTTTAAGTCGAGTG-1,1,43,33,9445,5922
TTCTACATCGGAATCT-1,1,42,34,9270,6021
TCAGATGTCTCTGTCG-1,1,43,35,9444,6122
TCCCGATGTTTGGGCC-1,1,42,36,9270,6221
TGACGGCTCGCCTGTT-1,1,43,37,9444,6322
GCTTGAACAATCACAC-1,1,42,38,9270,6422
GGTGAAGCAGTGAGTG-1,1,43,39,9444,6522
TGGTTCCAGCCAACAG-1,1,42,40,9270,6622
GGATTACGTAACGACG-1,1,43,41,9444,6722
TCAGCTCAGGCTCATT-1,1,42,42,9269,6822
TCAACGAGTCGAGTTT-1,1,43,43,9443,6922
GCGCAACAGACGCTTT-1,1,42,44,9269,7022
TCTGGAACAGATCTGT-1,1,43,45,9443,7122
TGGTTAGGTCCGCTGA-1,1,42,46,9269,7222
GGTGAAGTCTATCCCG-1,1,43,47,9443,7322
GGCCGATCACTTACGA-1,1,42,48,9269,7422
TACGGTAAGATAGCAT-1,1,43,49,9443,7522
TCACAAGAGTTCGCAT-1,1,42,50,9268,7622
GTCTCGTGTAAGAGAG-1,1,43,51,9442,7722
GATCGATTCCGGGTGT-1,1,42,52,9268,7822
TACTTACAGGAGTTTA-1,1,43,53,9442,7923
TTGTAGGTCTGTCAAG-1,1,42,54,9268,8022
TCTCATAGTGTAATGA-1,1,43,55,9442,8123
CTGAAGTTCAGCGACC-1,1,42,56,9268,8222
TCGGTAATCATCGCTC-1,1,43,57,9442,8323
TTGCGTCAGTCGTACT-1,1,42,58,9267,8423
CTGAAGTTCTAACGGT-1,1,43,59,9441,8523
GCAGTTATCGGTGTCG-1,1,42,60,9267,8623
TGACAACAGATCTGCT-1,1,43,61,9441,8723
TAGAGCTAGCCCAGCT-1,1,42,62,9267,8823
CTGCCTAGTCTGCCAG-1,1,43,63,9441,8923
CAGCTAATCTACTTAC-1,1,44,0,9623,2620
CGGCTAGGTGAGGGTT-1,1,45,1,9797,2720
CTCGGAGAGTGCGTGA-1,1,44,2,9623,2820
AGATTGCGTGCAGTAG-1,1,45,3,9796,2920
CCGGTAGCACTCGACG-1,1,44,4,9622,3020
AGAGTGGGTTCGCTAA-1,1,45,5,9796,3121
ACACCAAGTTGTCGCG-1,1,44,6,9622,3220
ACGATACGTTAAGGGC-1,1,45,7,9796,3321
AGCTTGACAATGACCT-1,1,44,8,9622,3420
ACAGCTATCTTCAACT-1,1,45,9,9796,3521
CGTTCTGGTCTCCACT-1,1,44,10,9622,3621
CCTCAGTCAGTTCCCT-1,1,45,11,9796,3721
CCTTTCTGTCAAACTC-1,1,44,12,9621,3821
CCTATTACATGGGAAC-1,1,45,13,9795,3921
CGTGTAACACTAGTAC-1,1,44,14,9621,4021
CAGCCGAAGCTGCGAA-1,1,45,15,9795,4121
CGTCTACAGTCCGTAT-1,1,44,16,9621,4221
ATGGGAGAGTGCCATT-1,1,45,17,9795,4321
CATCGAACATTTCACT-1,1,44,18,9621,4421
ATTACTCCATCCGGGT-1,1,45,19,9795,4521
CGCGGTACAATCTGCA-1,1,44,20,9620,4621
ACATACGCACTACAGT-1,1,45,21,9794,4721
ACTTACTGTAACGTTC-1,1,44,22,9620,4821
ACGGGTCTCCCTTGCA-1,1,45,23,9794,4921
GCATGCGTCAGTTTGG-1,1,44,24,9620,5021
TACCTTACATCAGTAC-1,1,45,25,9794,5122
TGATTTCGTTCTGTTT-1,1,44,26,9620,5221
GTGCTTCCACCCAGTG-1,1,45,27,9794,5322
TTTGTCAAGGCTAGAC-1,1,44,28,9619,5421
GACGGCTAGCCTTGAT-1,1,45,29,9793,5522
GCTTGAAGTTGAACTC-1,1,44,30,9619,5622
GGGCATCTCCCGGATG-1,1,45,31,9793,5722
CTGGTCTTCCGGCACA-1,1,44,32,9619,5822
TCTATTGAGGTTACCT-1,1,45,33,9793,5922
TCGTAGAAGACCCACC-1,1,44,34,9619,6022
TTGAACGTCTCTTGAT-1,1,45,35,9793,6122
GCTTCCAAGGGCTCTC-1,1,44,36,9618,6222
TCTTTCCTCCACGCAG-1,1,45,37,9792,6322
CTGGTCTGTTATGTGC-1,1,44,38,9618,6422
GTCGGGTTCTTTCCTC-1,1,45,39,9792,6522
GGATGTTAGGTGCTTT-1,1,44,40,9618,6622
GGCGTGTGTTCATGGT-1,1,45,41,9792,6722
GACGCGTCATGGATGG-1,1,44,42,9618,6822
TGGTTAGAGGCTACGA-1,1,45,43,9792,6922
CTGAAGTGTGTAACGG-1,1,44,44,9617,7022
GAAATGACACTACAGT-1,1,45,45,9791,7123
GCTGCGAAGCTTCGCG-1,1,44,46,9617,7222
TCGAGGCGTAGCAAAT-1,1,45,47,9791,7323
TCGGGACTCGTGTAGT-1,1,44,48,9617,7422
TGGTTCCCAATGTAAG-1,1,45,49,9791,7523
GGATTACTCTCGATGA-1,1,44,50,9617,7623
GACAGAGGTACGCTGC-1,1,45,51,9791,7723
GCTGCGAAGGGTCGAT-1,1,44,52,9616,7823
TGGTTAGCAATAACGA-1,1,45,53,9790,7923
GACGTTAAGTTGTAGA-1,1,44,54,9616,8023
GAGCAGAAGGCATTGG-1,1,45,55,9790,8123
TCGTACCGTCAATACC-1,1,44,56,9616,8223
GTCACGGCATAGACTC-1,1,45,57,9790,8323
GTCGGGTCACTGAAGG-1,1,44,58,9616,8423
TAGACCACATTCTTAC-1,1,45,59,9790,8523
GTCTTCGGTATGAAAC-1,1,44,60,9615,8623
TTAGTTCAGTAGGTGC-1,1,45,61,9789,8723
TCAGATGTCATCGCTC-1,1,44,62,9615,8823
GGTGCGTTCCGCAGTG-1,1,45,63,9789,8923
CCACCTAGTACTCGCG-1,1,46,0,9971,2621
CGCTATCGTGTTGGGA-1,1,47,1,10145,2721
AACCATGCAGGAATGC-1,1,46,2,9971,2821
AGGGAGTAGTGCCAGA-1,1,47,3,10145,2921
AGAATAGAGCTCCCAG-1,1,46,4,9970,3021
ATGCGATCAAGAAGAG-1,1,47,5,10144,3121
CCGGTAGCATCGGTTA-1,1,46,6,9970,3221
CCTCTGAGTGGCTCCA-1,1,47,7,10144,3321
CACACTCAGCTCCCAG-1,1,46,8,9970,3421
CACATAGTCGTATCAG-1,1,47,9,10144,3521
CGACCTTTCCGTTGTC-1,1,46,10,9970,3621
CATTCGCAGACACTAA-1,1,47,11,10144,3721
CGATGTACACGCATCG-1,1,46,12,9969,3821
AGGGAGTAGGCAATTA-1,1,47,13,10143,3921
CGGAGTCCAGCATGAG-1,1,46,14,9969,4021
CATCGGGTCTTAACCT-1,1,47,15,10143,4121
CTAGTGAAGCGCCTTG-1,1,46,16,9969,4221
ACAGCCGGTCGCATCG-1,1,47,17,10143,4322
CGCGTTTAGAGTCGGT-1,1,46,18,9969,4421
CCTAAAGTCAAGAAGT-1,1,47,19,10143,4522
ACGCCGACAAAGTGCG-1,1,46,20,9968,4622
CCTACACCACCAGATT-1,1,47,21,10142,4722
AACTCCCCAATGTAAG-1,1,46,22,9968,4822
CATTCGCTCGTTACAG-1,1,47,23,10142,4922
TTGGAACGTCAGAGGT-1,1,46,24,9968,5022
GATCGCGTCTTGAGGT-1,1,47,25,10142,5122
TCGTACCAGTCCAGGA-1,1,46,26,9968,5222
TGCCCTAGTTACGCGC-1,1,47,27,10142,5322
GTGAAGGAGCAATCTC-1,1,46,28,9968,5422
GATGCTAGTCGAAAGC-1,1,47,29,10141,5522
TGGCCAGGTGACGCCT-1,1,46,30,9967,5622
TGACGGCTCGGCTACG-1,1,47,31,10141,5722
GGGCATCCAATAAGCA-1,1,46,32,9967,5822
GGATGTTAGTTCGATC-1,1,47,33,10141,5922
GCTCTGTGTACAGACG-1,1,46,34,9967,6022
GTATTCTCACTTCGAA-1,1,47,35,10141,6122
TGGCGCAAGATAGTCA-1,1,46,36,9967,6222
TAGACCACATCCGCGA-1,1,47,37,10140,6323
GGACAAGCAACGCACC-1,1,46,38,9966,6422
GTTCTCGAGAGTTGGC-1,1,47,39,10140,6523
TCCACACTCCTCAACC-1,1,46,40,9966,6623
TCAACGACATCGTCGG-1,1,47,41,10140,6723
TTCGGTCTCTGCTGCT-1,1,46,42,9966,6823
CTTAACTGTCTCATCC-1,1,47,43,10140,6923
TCGGTAATCATATCGG-1,1,46,44,9966,7023
GATCGATGTAGCGATG-1,1,47,45,10139,7123
GGCGTGTCATCCGGGT-1,1,46,46,9965,7223
TTTACTGGTAAACCTC-1,1,47,47,10139,7323
GGTATTGTCGGTTAAC-1,1,46,48,9965,7423
TAGAGCTTCAGTGTTG-1,1,47,49,10139,7523
TCTGGAATCACAACGT-1,1,46,50,9965,7623
TCTGAGATCCACGTTC-1,1,47,51,10139,7723
GACGTTAGTTTAAGCC-1,1,46,52,9965,7823
TCACGAACATTACCTT-1,1,47,53,10139,7923
GTGCATATCTGCAGTA-1,1,46,54,9964,8023
TCACGAATCAATCTCT-1,1,47,55,10138,8123
GCGCAGTTCTACGAGT-1,1,46,56,9964,8223
GGAACTTCATTTCAGG-1,1,47,57,10138,8324
CTGCGGAAGTTGTAGA-1,1,46,58,9964,8423
GTTAAGCCATAGTAAG-1,1,47,59,10138,8524
GATTCAGGTCGTGGCT-1,1,46,60,9964,8623
TGCGCAGGTACCATCA-1,1,47,61,10138,8724
TTGGAACCACGGCGTT-1,1,46,62,9963,8824
TACCTATTCCTAGGGC-1,1,47,63,10137,8924
AGCTCTCCACTATCTT-1,1,48,0,10319,2621
CCGGTAGCAAGAGGCT-1,1,49,1,10493,2721
CGACTTCTCACAGTAC-1,1,48,2,10319,2821
AGCTCCTAGTACTTGC-1,1,49,3,10493,2921
AGGTCCGGTGATAAGT-1,1,48,4,10319,3021
CCAGCGACATTTCAGG-1,1,49,5,10493,3121
ACAGCCGAGCCCAACC-1,1,48,6,10318,3221
AAATGCCAGCTCCTTC-1,1,49,7,10492,3322
CGCTATCCAATCACAC-1,1,48,8,10318,3421
AAGACCTAGTGCGATG-1,1,49,9,10492,3522
AACTCAGAGCTGTTCA-1,1,48,10,10318,3621
CAACTAGAGACAGGCT-1,1,49,11,10492,3722
CGTGTAATCGCTTAGA-1,1,48,12,10318,3822
AGAGCTTCACCAGGTC-1,1,49,13,10492,3922
AGAGCGAAGTGGGCTA-1,1,48,14,10317,4022
ACGCCGATCATCTGCC-1,1,49,15,10491,4122
AACTCCCGTCTAGCCG-1,1,48,16,10317,4222
CCCATACGTAATCACC-1,1,49,17,10491,4322
CCTTTCTCAGGACCCT-1,1,48,18,10317,4422
CAAGTTGCAAGGTTTC-1,1,49,19,10491,4522
ACATGGTCAATGGACG-1,1,48,20,10317,4622
AAAGCAATCAGGCAAG-1,1,49,21,10491,4722
AGGCCACCAGGGAGAG-1,1,48,22,10316,4822
AGCTCCTTCCCTAATT-1,1,49,23,10490,4922
TTGTAGGGTAGGCATG-1,1,48,24,10316,5022
GATCGTAAGCAGGCTA-1,1,49,25,10490,5122
TAGTGGTCAGATGGGT-1,1,48,26,10316,5222
GTGTTAGAGCGTGAAC-1,1,49,27,10490,5323
TTAGTTCAGAGCCCAA-1,1,48,28,10316,5422
GAGTCCGTCTGATACG-1,1,49,29,10490,5523
TTTACTGTCCAGTATG-1,1,48,30,10315,5622
GGCCGATTCGAACTGT-1,1,49,31,10489,5723
TCAGGATCAAGACGTG-1,1,48,32,10315,5823
TTCTCAACATGTCCTC-1,1,49,33,10489,5923
GGGTCTGCATTTCAGG-1,1,48,34,10315,6023
GGGCACTGTGTGAAAT-1,1,49,35,10489,6123
GGCTGGTGTCGCCATG-1,1,48,36,10315,6223
TACGGGCGTACGCACC-1,1,49,37,10489,6323
GGAAAGCGTATGCTTG-1,1,48,38,10314,6423
TTGACTTCATCGATGT-1,1,49,39,10488,6523
CTGAAACAGCGCTCCA-1,1,48,40,10314,6623
GACCAATAGCGATAGC-1,1,49,41,10488,6723
TGAGAGGCACGGTAAG-1,1,48,42,10314,6823
GGCCGATGTGTAAGTA-1,1,49,43,10488,6923
TTGTAGGGTCCGAACC-1,1,48,44,10314,7023
TGGTTCCGTTACGGAG-1,1,49,45,10488,7123
GAGCAGAAGATATGGT-1,1,48,46,10313,7223
TGGCTGGGTACCGTTA-1,1,49,47,10487,7323
GTTCGGGAGGGTTTCT-1,1,48,48,10313,7423
GGACAGAAGAGCTTCT-1,1,49,49,10487,7524
TGAGGGAAGCCCAACC-1,1,48,50,10313,7623
TCAGGATAGGACTGGT-1,1,49,51,10487,7724
GACCAATAGTTACGGG-1,1,48,52,10313,7824
TCATTTGAGTGACTCT-1,1,49,53,10487,7924
TGCGCAGCATGCAATC-1,1,48,54,10312,8024
TCGGGACCATGGAATA-1,1,49,55,10486,8124
TACTCGCAGAGTACCG-1,1,48,56,10312,8224
TATGCCCGTAGAGGAA-1,1,49,57,10486,8324
GATCGCGTCAAACAAG-1,1,48,58,10312,8424
TGTCCCATCTAACTCT-1,1,49,59,10486,8524
GGGAATGGTCACACGC-1,1,48,60,10312,8624
TGCCAAATCGGACAAG-1,1,49,61,10486,8724
TGGGCGTCAGGCTCAC-1,1,48,62,10311,8824
GTCACGGTCGGCGCTA-1,1,49,63,10485,8924
